track_code,race_date,race_number,post_position,distance,surface_code,race_type,claiming_price,speed_rating,trainer_name,trainer_starts,trainer_wins,trainer_places,trainer_shows,jockey_name,jockey_starts,jockey_wins,jockey_places,jockey_shows,program_number,odds,horse_name,age,sex,weight,sire,dam,recent_race_date_1,recent_track_code_1,recent_race_number_1,recent_surface_code_1,recent_num_entrants_1,recent_post_position_1,recent_start_call_position_1,recent_1st_call_position_1,recent_stretch_position_1,recent_finish_position_1,recent_bris_speed_1,recent_race_type_1
CD ,20250426,1,1,1760,D,C,12500.0,93.26,ESQUIVEL JESUS,0,0,0,0,,0,0,0,TEC RACING ,4.0,TIBERIUS MERCURIUS,16,4,,THE FACTOR,WAR FRONT,ROCK HARD TEN,20250329.0,TP,5.0,2640.0,11.0,2.0,1.0,1.0,5.0,8.0,81.0,AO
CD ,20250426,1,2,1760,D,C,12500.0,93.26,ANTONUIK JERRY,0,0,0,0,,0,0,0,LISA TIEMEYER STABLE LLC ,30.0,WHERE IS LISA,21,6,,DIVINING ROD,TAPIT,REDEEMED,20250319.0,TP,3.0,1320.0,6.0,1.0,4.0,5.0,5.0,3.0,73.0,C
CD ,20250426,1,3,1760,D,C,12500.0,93.26,HERNANDEZ REY,0,0,0,0,,0,0,0,JOHN DONALDSON,8.0,COYOTE ROAD,19,5,,QUALITY ROAD,ELUSIVE QUALITY,DIXIE UNION,20241220.0,TP,6.0,1760.0,12.0,8.0,8.0,9.0,12.0,11.0,57.0,C
CD ,20250426,1,4,1760,D,C,12500.0,93.26,GONZALEZ REINA E,0,0,0,0,,0,0,0,REINA E GONZALEZ,15.0,READY PURSUIT,19,2,,KLIMT,QUALITY ROAD,MORE THAN READY,20250327.0,TP,2.0,1430.0,12.0,4.0,12.0,12.0,9.0,7.0,64.0,R
CD ,20250426,1,5,1760,D,C,12500.0,93.26,COOK JASON B,0,0,0,0,5.0,0,0,0,DAVID E MILLER,5.0,PERUVIAN LUCKY,19,3,,LOOKIN AT LUCKY,SMART STRIKE,MUTAKDDIM,20250228.0,TP,3.0,1760.0,9.0,4.0,3.0,4.0,5.0,6.0,79.0,CO
CD ,20250426,1,6,1760,D,C,12500.0,93.26,KING BARRY L,0,0,0,0,,0,0,0,BARRY L KING,20.0,IMPROBABLE STORY,17,4,,JUSTIN PHILLIP,FIRST SAMURAI,DISTORTED HUMOR,20250416.0,IND,4.0,1210.0,7.0,5.0,5.0,7.0,6.0,5.0,64.0,C
CD ,20250426,1,7,1760,D,C,12500.0,93.26,JACOBSON DAVID,0,0,0,0,,0,0,0,DAVID JACOBSON,3.5,SYNTHESIS,16,2,,FIRST SAMURAI,GIANT'S CAUSEWAY,BERNARDINI,20250404.0,OP,2.0,1320.0,6.0,5.0,6.0,6.0,5.0,5.0,80.0,R
CD ,20250426,1,8,1760,D,C,12500.0,93.26,STALL ALBERT M JR,0,0,0,0,,0,0,0,JOHN MCCULLOCH AND ALLEN MCCULLOCH,3.0,HOODLUM,19,3,,PIONEEROF THE NILE,EMPIRE MAKER,CONGRATS,20250217.0,FG,4.0,1650.0,10.0,9.0,8.0,4.0,6.0,9.0,72.0,CO
CD ,20250426,1,9,1760,D,C,12500.0,93.26,CHAVEZ MANUEL,0,0,0,0,,0,0,0,JIM TICHENOR,15.0,I AM THE GAME,20,1,,MENDELSSOHN,SCAT DADDY,MALIBU MOON,20250329.0,TP,3.0,1870.0,12.0,2.0,5.0,5.0,5.0,4.0,73.0,C
CD ,20250426,1,10,1760,D,C,12500.0,93.26,SHARP JOE,0,0,0,0,,0,0,0,JOE SHARP,8.0,METATRON'S MUSE,20,5,,FLATTER,A.P. INDY,CURLIN,20250201.0,TP,4.0,1760.0,10.0,10.0,6.0,6.0,5.0,5.0,65.0,C
CD ,20250426,1,11,1760,D,C,12500.0,93.26,NORRIS MIKE,0,0,0,0,,0,0,0,STEVE ALEC RHODES,20.0,NOAHS ARK,21,4,,YOSHIDA,HEART'S CRY,U S RANGER,20250329.0,TP,3.0,1870.0,12.0,9.0,8.0,8.0,8.0,6.0,72.0,C
CD ,20250426,2,1,1760,T,AO,100000.0,93.78,WALSH RYAN D,0,0,0,0,,0,0,0,SHAGBARK FARMS LLC ,20.0,JILL JITTERBUG,20,2,,CROSS TRAFFIC,UNBRIDLED'S SONG,A. P. WARRIOR,20250320.0,TP,7.0,1430.0,8.0,3.0,8.0,8.0,6.0,5.0,78.0,AO
CD ,20250426,2,2,1760,T,AO,100000.0,93.78,LOBO PAULO H,0,0,0,0,,0,0,0,BONNE CHANCE FARM LLC ,10.0,NEVERWALKALONE,20,8,,AGNES GOLD,SUNDAY SILENCE,REDATTORE,20250302.0,AQU,2.0,1320.0,5.0,3.0,5.0,5.0,5.0,4.0,88.0,N
CD ,20250426,2,3,1760,T,AO,100000.0,93.78,SHARP JOE,0,0,0,0,,0,0,0,ANTHONY TATE,5.0,LUCKY SPEECH,21,4,,AUDIBLE,INTO MISCHIEF,LOOKIN AT LUCKY,20241017.0,KEE,4.0,1870.0,10.0,2.0,3.0,3.0,6.0,8.0,81.0,A
CD ,20250426,2,4,1760,T,AO,100000.0,93.78,WILKES IAN R,0,0,0,0,,0,0,0,VALLEY PARTNERS LLC ,3.0,JUSTIFIABLE BELLE,20,4,,JUSTIFY,SCAT DADDY,GIANT'S CAUSEWAY,20241017.0,KEE,4.0,1870.0,10.0,3.0,4.0,4.0,5.0,6.0,82.0,A
CD ,20250426,2,5,1760,T,AO,100000.0,93.78,MOTION H GRAHAM,0,0,0,0,,0,0,0,RYZAN SUN RACING LLC AND MADAKET STABLES,1.8,MISSION OF JOY,20,3,,KITTEN'S JOY,EL PRADO,SMART STRIKE,20241005.0,WO,8.0,1870.0,12.0,6.0,4.0,4.0,4.0,6.0,83.0,G2
CD ,20250426,2,6,1760,T,AO,100000.0,93.78,BAHENA ISMAEL,0,0,0,0,,0,0,0,ISMAEL BAHENA,30.0,VINOS ANGEL,21,2,,VINO ROSSO,CURLIN,HARD SPUN,20250326.0,TP,7.0,1760.0,10.0,1.0,7.0,8.0,7.0,3.0,86.0,AO
CD ,20250426,2,7,1760,T,AO,100000.0,93.78,JOSEPH SAFFIE A JR,0,0,0,0,,0,0,0,NIALL J BRENNAN AND MICHAEL J RYAN,2.0,NO MO CANDY,21,2,,UNCLE MO,INDIAN CHARLIE,BLAME,20241108.0,AQU,8.0,1760.0,8.0,2.0,2.0,2.0,1.0,1.0,93.0,G3
CD ,20250426,3,1,1540,D,R,30000.0,80.44,MEAH ANNA M,0,0,0,0,,0,0,0,TRIPLE TRIO THOROUGHBREDS CHERYL DOYLE R,3.0,CERVARO DELLA SALA,21,5,,BUNGLE INTHEJUNGLE,EXCEED AND EXCEL,WAR FRONT,20250411.0,KEE,4.0,1430.0,12.0,7.0,2.0,1.0,1.0,1.0,82.0,C
CD ,20250426,3,2,1540,D,R,30000.0,80.44,HARTMAN CHRIS,0,0,0,0,,0,0,0,RUIS RACING LLC ,5.0,BOLT ON THE ROCKS,21,5,,BOLT D'ORO,MEDAGLIA D'ORO,ROCKPORT HARBOR,20250322.0,OP,4.0,1320.0,7.0,7.0,3.0,1.0,1.0,1.0,79.0,S
CD ,20250426,3,3,1540,D,R,30000.0,80.44,SIMS MATTHEW P,0,0,0,0,,0,0,0,STEVE L ROBBINS,3.5,NEXT UP,22,3,,ACCELERATE,LOOKIN AT LUCKY,HARLAN'S HOLIDAY,20250314.0,TP,2.0,1320.0,10.0,10.0,1.0,3.0,1.0,1.0,82.0,M
CD ,20250426,3,4,1540,D,R,30000.0,80.44,MCCUTCHEN JASON,0,0,0,0,,0,0,0,DEBORAH MCCUTCHEN,15.0,LOU ANNA,21,2,,FAST ANNA,MEDAGLIA D'ORO,TALE OF THE CAT,20240904.0,CNL,1.0,1320.0,9.0,2.0,1.0,2.0,1.0,1.0,78.0,C
CD ,20250426,3,5,1540,D,R,30000.0,80.44,BAHENA ISMAEL,0,0,0,0,,0,0,0,ANDRES MOREIRA,20.0,ASK AMANDA,21,4,,SUMMER FRONT,WAR FRONT,MAJESTICPERFECTION,20250326.0,TP,6.0,1760.0,8.0,3.0,2.0,2.0,2.0,1.0,78.0,C
CD ,20250426,3,6,1540,D,R,30000.0,80.44,HABEEB DONALD J,0,0,0,0,5.0,0,0,0,GARY KENNEY JOSEPH SCHUTTE AND JOSEPH WE,15.0,BEACH BUNNY,21,4,,STREET SENSE,STREET CRY,MASTER COMMAND,20250410.0,KEE,3.0,1320.0,7.0,6.0,6.0,7.0,5.0,4.0,73.0,R
CD ,20250426,3,7,1540,D,R,30000.0,80.44,FOSTER ERIC,0,0,0,0,,0,0,0,FOSTER FAMILY RACING DOUGLAS E MILLER WI,2.5,CREATIVE QUALITY,21,5,,LORD NELSON,PULPIT,ALTERNATION,20250329.0,TP,2.0,1430.0,11.0,9.0,9.0,9.0,7.0,4.0,77.0,C
CD ,20250426,3,8,1540,D,R,30000.0,80.44,BAHENA ISMAEL,0,0,0,0,,0,0,0,YEIMY PASTOR AND CHRISTIAN ARGUELLO,4.0,BIG DIG,20,2,,MOR SPIRIT,ESKENDEREYA,MINESHAFT,20250312.0,TP,5.0,1760.0,8.0,7.0,8.0,7.0,4.0,4.0,80.0,R
CD ,20250426,4,1,1320,D,A,,67.55,LUKAS D WAYNE,0,0,0,0,,0,0,0,D WAYNE LUKAS LAURIE LUKAS BRADY LUKAS D,4.5,OUR KEEPSAKE,21,3,,CINCO CHARLIE,INDIAN CHARLIE,ROMAN RULER,20250412.0,OP,12.0,1320.0,8.0,8.0,5.0,6.0,3.0,4.0,86.0,AO
CD ,20250426,4,2,1320,D,A,,67.55,STEWART DALLAS,0,0,0,0,,0,0,0,WILLIS HORTON RACING LLC ,15.0,LAURIE'S SECRET,21,4,,HARD SPUN,DANZIG,GIANT'S CAUSEWAY,20250223.0,OP,3.0,1320.0,10.0,4.0,8.0,9.0,9.0,8.0,66.0,A
CD ,20250426,4,3,1320,D,A,,67.55,WARD WESLEY A,0,0,0,0,,0,0,0,BREEZE EASY LLC ,3.0,SAM'S TREASURE,21,1,,MUNNINGS,SPEIGHTSTOWN,MALIBU MOON,20240829.0,KD,9.0,1430.0,12.0,10.0,8.0,10.0,12.0,11.0,67.0,A
CD ,20250426,4,4,1320,D,A,,67.55,BLAIR JORDAN,0,0,0,0,,0,0,0,CRAIG PEERENBOOM,12.0,OUTRAGEOUSLY,21,3,,PRACTICAL JOKE,INTO MISCHIEF,BERNARDINI,20250308.0,OP,9.0,1320.0,10.0,5.0,2.0,3.0,2.0,4.0,83.0,A
CD ,20250426,4,5,1320,D,A,,67.55,FOLEY GREG,0,0,0,0,,0,0,0,DONAMIRE FARM ,3.5,TWIRL AROUND,21,3,,TWIRLING CANDY,CANDY RIDE,DISTORTED HUMOR,20240824.0,ELP,6.0,1760.0,8.0,7.0,3.0,3.0,3.0,5.0,80.0,A
CD ,20250426,4,6,1320,D,A,,67.55,DRURY THOMAS JR,0,0,0,0,,0,0,0,BRUCE LUNSFORD,2.0,SUNDANCE FEATURE,20,2,,SPEIGHTSTOWN,GONE WEST,DELAWARE TOWNSHIP,20240605.0,CD,7.0,1540.0,7.0,3.0,3.0,3.0,2.0,2.0,90.0,A
CD ,20250426,4,7,1320,D,A,,67.55,STALL ALBERT M JR,0,0,0,0,,0,0,0,BAL MAR EQUINE LLC ,6.0,LORD I WONDER,21,2,,TWIRLING CANDY,CANDY RIDE,EMPIRE MAKER,20250202.0,FG,7.0,-1210.0,10.0,2.0,10.0,7.0,4.0,3.0,79.0,A
CD ,20250426,5,1,1870,D,C,20000.0,101.04,WATKINS JAMES M,0,0,0,0,,0,0,0,THOMAS J BASLER AND DENNIS POHL,15.0,REDFIELD,21,5,,WEST COAST,FLATTER,REAL QUIET,20250315.0,TP,9.0,1320.0,8.0,2.0,4.0,3.0,5.0,4.0,78.0,C
CD ,20250426,5,2,1870,D,C,20000.0,101.04,BLAIR JORDAN,0,0,0,0,,0,0,0,CRAIG PEERENBOOM,4.0,MUCHO MOJO,19,3,,MUCHO MACHO MAN,MACHO UNO,AFLEET ALEX,20250329.0,TP,7.0,1760.0,10.0,4.0,5.0,4.0,7.0,9.0,77.0,C
CD ,20250426,5,3,1870,D,C,20000.0,101.04,ASMUSSEN STEVEN M,0,0,0,0,,0,0,0,STEVEN M ASMUSSEN,5.0,OUR DREAM RYE'D,20,3,,MORE THAN READY,SOUTHERN HALO,BERNARDINI,20250404.0,OP,8.0,1870.0,9.0,9.0,9.0,8.0,9.0,9.0,59.0,C
CD ,20250426,5,4,1870,D,C,20000.0,101.04,MAKER MICHAEL J,0,0,0,0,,0,0,0,PARADISE FARMS CORP AND DAVID STAUDACHER,2.5,CAROLO RAPIDO,21,5,,CURLIN,SMART STRIKE,STREET BOSS,20250322.0,OP,6.0,1870.0,8.0,4.0,8.0,8.0,4.0,4.0,85.0,C
CD ,20250426,5,5,1870,D,C,20000.0,101.04,ESQUIVEL JESUS,0,0,0,0,,0,0,0,TEC RACING ,8.0,PATROLMAN,19,3,,EMPIRE MAKER,UNBRIDLED,SUPER SAVER,20250328.0,TP,4.0,1760.0,11.0,5.0,11.0,9.0,5.0,5.0,78.0,C
CD ,20250426,5,6,1870,D,C,20000.0,101.04,BAHENA ISMAEL,0,0,0,0,,0,0,0,ODILIA CASTILLO,3.5,FORGE IN FIRE,20,2,,KANTHAROS,LION HEART,PULPIT,20250206.0,TP,2.0,1760.0,7.0,5.0,3.0,3.0,4.0,5.0,72.0,C
CD ,20250426,5,7,1870,D,C,20000.0,101.04,SPICER JAMES T,0,0,0,0,,0,0,0,JAMES SPICER,5.0,EVENING NEWS,21,5,,NYQUIST,UNCLE MO,BERNARDINI,20250328.0,TP,4.0,1760.0,11.0,9.0,1.0,1.0,1.0,3.0,81.0,C
CD ,20250426,5,8,1870,D,C,20000.0,101.04,BARNETT BOBBY C,0,0,0,0,,0,0,0,DEBBIE M BARNETT,20.0,CRIMINAL DEFENSE,17,4,,TEMPLE CITY,DYNAFORMER,LAWYER RON,20250416.0,KEE,4.0,1540.0,11.0,3.0,8.0,9.0,6.0,5.0,72.0,C
CD ,20250426,5,9,1870,D,C,20000.0,101.04,ORANTES JOSE,0,0,0,0,,0,0,0,MANUEL ORANTES,20.0,SUCCESSION GOLD,21,5,,ALWAYS DREAMING,BODEMEISTER,GRAND SLAM,20250320.0,TP,3.0,1760.0,9.0,1.0,7.0,8.0,3.0,2.0,77.0,C
CD ,20250426,6,1,1430,D,M,50000.0,74.34,HESS R B JR,0,0,0,0,,0,0,0,WHITE FENCE LLC LARRY S BUCKENDORF AND T,15.0,POP PAUL,22,4,,DAREDEVIL,MORE THAN READY,SUPER SAVER,20250105.0,SA,6.0,1320.0,9.0,8.0,6.0,7.0,9.0,9.0,60.0,S
CD ,20250426,6,2,1430,D,M,50000.0,74.34,STEWART DALLAS,0,0,0,0,,0,0,0,VALENE FARMS LLC ,5.0,SHADOW COAST,22,4,,WEST COAST,FLATTER,QUALITY ROAD,20250312.0,FG,6.0,1870.0,10.0,10.0,1.0,1.0,4.0,5.0,85.0,S
CD ,20250426,6,3,1430,D,M,50000.0,74.34,JOHNSTON LANE D,0,0,0,0,,0,0,0,TOM D ADAMS,4.5,HOLSTER,21,3,,GUN RUNNER,CANDY RIDE,SPEIGHTSTOWN,20250413.0,KEE,5.0,1540.0,9.0,3.0,4.0,3.0,3.0,3.0,86.0,M
CD ,20250426,6,4,1430,D,M,50000.0,74.34,LYNCH BRIAN A,0,0,0,0,5.0,0,0,0,WALMAC FARM ,4.0,TAPAKENA,21,3,,TAPIT,PULPIT,PIONEEROF THE NILE,20250323.0,GP,10.0,1650.0,10.0,1.0,9.0,7.0,5.0,7.0,77.0,S
CD ,20250426,6,5,1430,D,M,50000.0,74.34,SCHULTZ LINDSAY,0,0,0,0,,0,0,0,NOVOGRATZ RACING STABLES INC ,12.0,LEMON SOHN,22,2,,MENDELSSOHN,SCAT DADDY,LEMON DROP KID,20250320.0,FG,3.0,1320.0,7.0,2.0,3.0,3.0,2.0,2.0,78.0,MO
CD ,20250426,6,6,1430,D,M,50000.0,74.34,BARRETT RODDINA A,0,0,0,0,,0,0,0,SHAUNA B FORD,20.0,SKYNET,22,4,,YOSHIDA,HEART'S CRY,MINESHAFT,20250410.0,KEE,9.0,1540.0,10.0,6.0,8.0,6.0,3.0,4.0,74.0,M
CD ,20250426,6,7,1430,D,M,50000.0,74.34,MEDINA ROBERT,0,0,0,0,,0,0,0,NEWTOWN ANNER STUD ,20.0,DEMAND,22,4,,DIALED IN,MINESHAFT,NOT FOR LOVE,20250329.0,AQU,8.0,1430.0,12.0,8.0,7.0,12.0,11.0,11.0,54.0,S
CD ,20250426,6,8,1430,D,M,50000.0,74.34,VOSLER EUGENE S,0,0,0,0,,0,0,0,KIRT CAHILL AND SARAH CAHILL,30.0,TUN TAVERN,22,5,,GORMLEY,MALIBU MOON,GONE WEST,,,,,,,,,,,,
CD ,20250426,6,9,1430,D,M,50000.0,74.34,STALL ALBERT M JR,0,0,0,0,,0,0,0,BEANIE AND JUBI LLC ,10.0,DAIQUIRI SOMMELIER,22,5,,GLOBAL CAMPAIGN,CURLIN,PAYNTER,20250312.0,FG,6.0,1870.0,10.0,1.0,2.0,2.0,9.0,7.0,74.0,S
CD ,20250426,6,10,1430,D,M,50000.0,74.34,PUHICH MIKE,0,0,0,0,,0,0,0,MARK DEDOMENICO LLC ,3.5,SINISTER SMILE,22,2,,PRACTICAL JOKE,INTO MISCHIEF,SMART STRIKE,20250322.0,TP,4.0,1760.0,11.0,10.0,3.0,3.0,3.0,9.0,76.0,S
CD ,20250426,6,11,1430,D,M,50000.0,74.34,CASSE MARK,0,0,0,0,,0,0,0,GARY BARBER,5.0,CLASSY WAR,22,1,,WAR OF WILL,WAR FRONT,BLAME,20250314.0,GP,6.0,1100.0,8.0,4.0,7.0,7.0,6.0,4.0,74.0,MO
CD ,20250426,6,12,1430,D,M,50000.0,74.34,ROMERO GREGORY,0,0,0,0,,0,0,0,JENNIFER SALVADOR,30.0,STRATEGIST,22,5,,IMPROBABLE,CITY ZIP,CURLIN,20241201.0,DMR,9.0,1760.0,11.0,10.0,8.0,9.0,11.0,11.0,30.0,S
CD ,20250426,7,1,2200,D,S,,119.4,SHARP JOE,0,0,0,0,,0,0,0,SEMAFORE RACING AND SUMMERPLACE FARM LLC,8.0,ANTONIA'S FLOWERS,22,2,,AMERICAN PHAROAH,PIONEEROF THE NILE,FROSTED,20250328.0,TP,7.0,1760.0,11.0,2.0,8.0,7.0,7.0,7.0,71.0,S
CD ,20250426,7,2,2200,D,S,,119.4,MCPEEK KENNETH G,0,0,0,0,,0,0,0,BACCARI RACING STABLE LLC AND DREAM WALK,2.5,PLAZA CUE,22,4,,SKY MESA,PULPIT,SUPER SAVER,20250406.0,KEE,7.0,1870.0,10.0,4.0,2.0,3.0,4.0,5.0,78.0,S
CD ,20250426,7,3,2200,D,S,,119.4,HUMPHRIES THOMAS,0,0,0,0,,0,0,0,TOMMY HUMPHRIES CHAD SCHUMER CHRIS LLOYD,15.0,HALFIN,22,2,,FLATTER,A.P. INDY,FLOWER ALLEY,20250328.0,TP,1.0,1760.0,9.0,2.0,9.0,7.0,3.0,2.0,72.0,S
CD ,20250426,7,4,2200,D,S,,119.4,JACOBSON DAVID,0,0,0,0,,0,0,0,LAWRENCE P ROMAN,4.0,CHURNING BERNI,21,4,,BERNARDINI,A.P. INDY,MIDSHIPMAN,20250411.0,KEE,6.0,1540.0,7.0,3.0,4.0,6.0,2.0,2.0,81.0,M
CD ,20250426,7,5,2200,D,S,,119.4,BLAIR JORDAN,0,0,0,0,5.0,0,0,0,SMALL BATCH THOROUGHBREDS ,3.5,KISS ME AGAIN,21,2,,INTO MISCHIEF,HARLAN'S HOLIDAY,LANGFUHR,20250328.0,TP,7.0,1760.0,11.0,9.0,9.0,11.0,4.0,2.0,81.0,S
CD ,20250426,7,6,2200,D,S,,119.4,SHARP JOE,0,0,0,0,,0,0,0,PR RACING ,4.5,ASHES AND DIAMONDS,22,4,,HONOR A. P.,HONOR CODE,VIOLENCE,20250409.0,KEE,1.0,1540.0,8.0,5.0,7.0,6.0,3.0,2.0,72.0,M
CD ,20250426,7,7,2200,D,S,,119.4,ORTIZ JOHN ALEXANDER,0,0,0,0,,0,0,0,MILLARD R SELDIN REVOCABLE TRUST ,12.0,MADDIENLIZZYSHONOR,22,3,,HONOR A. P.,HONOR CODE,DEHERE,20250316.0,OP,3.0,1760.0,8.0,1.0,8.0,7.0,4.0,3.0,68.0,M
CD ,20250426,7,8,2200,D,S,,119.4,VANCE THOMAS D,0,0,0,0,,0,0,0,LINDA AND MICHAEL J MAZOCH,5.0,VINO TIEMPO,22,5,,VINO ROSSO,CURLIN,ESKENDEREYA,20250330.0,OP,10.0,1870.0,11.0,4.0,11.0,11.0,2.0,2.0,80.0,S
CD ,20250426,8,1,1870,T,C,50000.0,99.83,FOLEY GREG,0,0,0,0,,0,0,0,JERRY ROMANS JR AND JOHN WAITS,3.5,SMOOTH WAVES,21,4,,ENGLISH CHANNEL,SMART STRIKE,KITTEN'S JOY,20250206.0,FG,6.0,-1650.0,9.0,5.0,3.0,2.0,8.0,8.0,66.0,A
CD ,20250426,8,2,1870,T,C,50000.0,99.83,GARCIA GENARO,0,0,0,0,,0,0,0,SOUTHWEST RACING STABLES INC AND TRIPLE ,6.0,TALENT SHOW,22,4,,MAXIMUM SECURITY,NEW YEAR'S DAY,CURLIN,20250228.0,TP,5.0,1760.0,12.0,9.0,3.0,3.0,1.0,1.0,84.0,M
CD ,20250426,8,3,1870,T,C,50000.0,99.83,KING BARRY L,0,0,0,0,,0,0,0,BARRY L KING AND GREG BASHAM,8.0,FAIRE PLAISIR,21,4,,DISTORTED HUMOR,FORTY NINER,MEDAGLIA D'ORO,20250328.0,TP,5.0,2640.0,12.0,10.0,12.0,12.0,9.0,8.0,71.0,AO
CD ,20250426,8,4,1870,T,C,50000.0,99.83,BRISSET RODOLPHE,0,0,0,0,,0,0,0,STORYTELLER RACING SEPTEMBER FARM LLC WI,4.5,BREAD TO RUN,22,3,,AUTHENTIC,INTO MISCHIEF,NOONMARK,20250407.0,KEE,10.0,-1540.0,10.0,4.0,8.0,8.0,6.0,5.0,73.0,R
CD ,20250426,8,5,1870,T,C,50000.0,99.83,HILES JEFF A,0,0,0,0,,0,0,0,MYRACEHORSE AND OWLCATRAZ RACING STABLE ,15.0,SWEET VOYAGE,21,2,,CANDY RIDE,RIDE THE RAILS,CITY ZIP,20250322.0,TP,5.0,1760.0,12.0,3.0,3.0,3.0,3.0,6.0,75.0,AO
CD ,20250426,8,6,1870,T,C,50000.0,99.83,NIHEI MICHELLE,0,0,0,0,,0,0,0,CIRCLE 8 ,15.0,CHOATE,21,2,,CUPID,TAPIT,HARD SPUN,20250315.0,TP,7.0,1760.0,9.0,8.0,7.0,7.0,3.0,3.0,69.0,C
CD ,20250426,8,7,1870,T,C,50000.0,99.83,WIGGINS LON,0,0,0,0,,0,0,0,TIM CASTELLAW,15.0,CHEYENNE MOON,21,4,,TONALIST,TAPIT,PROUD CITIZEN,20250406.0,KEE,3.0,1760.0,7.0,3.0,4.0,4.0,4.0,3.0,63.0,A
CD ,20250426,8,8,1870,T,C,50000.0,99.83,ASMUSSEN STEVEN M,0,0,0,0,,0,0,0,CYPRESS CREEK EQUINE LLC AND WHISPERING ,4.0,ANGEL OF FAITH,21,3,,JUSTIFY,SCAT DADDY,BERNARDINI,20250228.0,OP,7.0,1870.0,12.0,8.0,2.0,3.0,5.0,7.0,81.0,A
CD ,20250426,8,9,1870,T,C,50000.0,99.83,SHARP JOE,0,0,0,0,,0,0,0,REDHAWK RACING LLC ,5.0,LIFE ADVICE,21,5,,INTO MISCHIEF,HARLAN'S HOLIDAY,HOLD ME BACK,20241009.0,PID,4.0,1320.0,6.0,3.0,5.0,3.0,6.0,6.0,66.0,A
CD ,20250426,8,10,1870,T,C,50000.0,99.83,MILLER DARRIN,0,0,0,0,,0,0,0,SILVERTON HILL LLC ,15.0,HOLD MY HALO,20,2,,GREAT NOTION,ELUSIVE QUALITY,VOLKSRAAD,20250322.0,TP,5.0,1760.0,12.0,10.0,12.0,10.0,6.0,5.0,77.0,AO
CD ,20250426,8,11,1870,T,C,50000.0,99.83,STEWART DALLAS,0,0,0,0,,0,0,0,ON OUR OWN STABLE LLC AND DALLAS STEWART,15.0,TIZNTSHELOVELY,22,2,,TIZ THE LAW,CONSTITUTION,STREET SENSE,20250304.0,FG,6.0,-1760.0,11.0,9.0,4.0,3.0,4.0,3.0,77.0,CO
CD ,20250426,8,12,1870,T,C,50000.0,99.83,HARTMAN CHRIS,0,0,0,0,,0,0,0,PIPE DREAM STABLES ,5.0,MALIBU SMART,20,2,,ENGLISH CHANNEL,SMART STRIKE,MALIBU MOON,20250228.0,OP,7.0,1870.0,12.0,2.0,6.0,5.0,8.0,6.0,83.0,A
CD ,20250426,8,13,1870,T,C,50000.0,99.83,TROIANI NICCOLO,0,0,0,0,,0,0,0,P B AND J STABLE ,20.0,TACO CAT BACKWARDS,22,4,,KITTEN'S JOY,EL PRADO,TIZNOW,20250304.0,FG,6.0,-1760.0,11.0,8.0,11.0,10.0,8.0,7.0,73.0,CO
CD ,20250426,8,14,1870,T,C,50000.0,99.83,BAHENA ISMAEL,0,0,0,0,,0,0,0,ISMAEL BAHENA,20.0,WHAT IF,22,4,,TAKEOVER TARGET,HARLAN'S HOLIDAY,TIZNOW,20250419.0,KEE,4.0,2090.0,6.0,2.0,6.0,6.0,4.0,4.0,72.0,A
CD ,20250426,9,1,1320,D,N,,67.55,CALHOUN WILLIAM BRET,0,0,0,0,,0,0,0,MARTIN RACING STABLE LLC BOB GORSKY AND ,4.5,NON VIOLENCE,19,4,,VIOLENCE,MEDAGLIA D'ORO,HARD SPUN,20250404.0,EVD,8.0,1760.0,7.0,5.0,2.0,2.0,1.0,1.0,91.0,N
CD ,20250426,9,2,1320,D,N,,67.55,MCCARTHY MICHAEL W,0,0,0,0,,0,0,0,JIM AND DONNA DANIELL,2.5,SANDY BOTTOM,21,4,,OMAHA BEACH,WAR FRONT,CAN THE MAN,20250223.0,OP,4.0,1320.0,8.0,4.0,1.0,1.0,1.0,3.0,88.0,N
CD ,20250426,9,3,1320,D,N,,67.55,LUKAS D WAYNE,0,0,0,0,,0,0,0,BC STABLES LLC ,10.0,LADY MOSCATO,21,3,,QUALITY ROAD,ELUSIVE QUALITY,DIXIE UNION,20250329.0,OP,6.0,1320.0,6.0,3.0,5.0,5.0,5.0,6.0,85.0,N
CD ,20250426,9,4,1320,D,N,,67.55,HARTMAN CHRIS,0,0,0,0,,0,0,0,FLATLAND RACING STABLE ,10.0,TRIPOLINA,21,1,,CONSTITUTION,TAPIT,STREET BOSS,20250328.0,OP,8.0,1870.0,7.0,4.0,5.0,6.0,5.0,5.0,76.0,N
CD ,20250426,9,5,1320,D,N,,67.55,DELGADO GUSTAVO,0,0,0,0,,0,0,0,JR RANCH ,8.0,MIUCCIA,21,5,,MITOLE,ESKENDEREYA,SPEIGHTSTOWN,20250208.0,TAM,6.0,1320.0,8.0,8.0,3.0,4.0,4.0,5.0,79.0,N
CD ,20250426,9,6,1320,D,N,,67.55,FOLEY GREG,0,0,0,0,,0,0,0,DONAMIRE FARM ,3.0,HARBOR SPRINGS,21,3,,LOOKIN AT LUCKY,SMART STRIKE,BROKEN VOW,20250222.0,FG,3.0,1320.0,5.0,1.0,2.0,3.0,2.0,1.0,93.0,AO
CD ,20250426,9,7,1320,D,N,,67.55,BECKMAN D WHITWORTH,0,0,0,0,,0,0,0,RIBBLE FARMS LLC AND KEVIN DREW,12.0,GIRLS WEEKEND,21,3,,WORLD OF TROUBLE,KANTHAROS,DEHERE,20250206.0,FG,8.0,-1210.0,9.0,7.0,8.0,8.0,7.0,3.0,82.0,AO
CD ,20250426,9,8,1320,D,N,,67.55,KENNEALLY EDDIE,0,0,0,0,,0,0,0,SUMMERHILL STABLES LLC ,4.0,MINK'S PALACE,21,3,,PALACE MALICE,CURLIN,SCAT DADDY,20241222.0,OP,9.0,1320.0,9.0,7.0,5.0,4.0,7.0,7.0,69.0,AO
CD ,20250426,10,1,1320,D,M,100000.0,67.55,VANCE THOMAS D,0,0,0,0,,0,0,0,LINDA AND MICHAEL J MAZOCH,6.0,STUDENY,22,4,,FROSTED,TAPIT,DIXIE UNION,20250413.0,OP,1.0,1320.0,7.0,5.0,2.0,2.0,2.0,2.0,79.0,M
CD ,20250426,10,2,1320,D,M,100000.0,67.55,BRISSET RODOLPHE,0,0,0,0,,0,0,0,ST ELIAS STABLE AND WINSTAR FARM LLC ,12.0,OUTDOOR CAT,22,3,,IMPROBABLE,CITY ZIP,UNION RAGS,,,,,,,,,,,,
CD ,20250426,10,3,1320,D,M,100000.0,67.55,FOLEY GREG,0,0,0,0,,0,0,0,TAMAROAK PARTNERS LLC ,1.4,EVAN ON EARTH,21,4,,CONGRATS,A.P. INDY,SMART STRIKE,20241122.0,CD,3.0,1430.0,8.0,7.0,1.0,2.0,1.0,2.0,86.0,S
CD ,20250426,10,4,1320,D,M,100000.0,67.55,KING BARRY L,0,0,0,0,,0,0,0,FAB FOUR STABLE LLC ,20.0,BIG ROG,22,3,,LORD NELSON,PULPIT,DEHERE,,,,,,,,,,,,
CD ,20250426,10,5,1320,D,M,100000.0,67.55,STEWART DALLAS,0,0,0,0,,0,0,0,CHARLES R PIGG,15.0,BERNIEDOTT,22,4,,MAXIMUM SECURITY,NEW YEAR'S DAY,SKY MESA,,,,,,,,,,,,
CD ,20250426,10,6,1320,D,M,100000.0,67.55,GONZALEZ REINA E,0,0,0,0,,0,0,0,REINA E GONZALEZ JEFF KITCHEN JORGE E VI,12.0,OUTOFPI,22,3,,JERSEY TOWN,SPEIGHTSTOWN,TRIBAL RULE,20250312.0,TP,2.0,1320.0,8.0,1.0,3.0,2.0,1.0,2.0,76.0,M
CD ,20250426,10,7,1320,D,M,100000.0,67.55,STEWART DALLAS,0,0,0,0,,0,0,0,WINSTAR FARM LLC AND DALLAS STEWART,15.0,WHERE Y'AT,22,3,,TOM'S D'ETAT,SMART STRIKE,TALE OF EKATI,20250313.0,FG,8.0,1320.0,8.0,6.0,4.0,4.0,7.0,4.0,76.0,S
CD ,20250426,10,8,1320,D,M,100000.0,67.55,MCPEEK KENNETH G,0,0,0,0,,0,0,0,FRED W HERTRICH,4.5,SHEPHERD,22,2,,LAOBAN,UNCLE MO,DISTORTED HUMOR,20250408.0,KEE,1.0,1540.0,10.0,10.0,7.0,10.0,7.0,7.0,79.0,S
CD ,20250426,10,9,1320,D,M,100000.0,67.55,CAPPS STEVE A,0,0,0,0,,0,0,0,RHONDA CAPPS,8.0,SERGEANT CAPPS,22,1,,WEST COAST,FLATTER,SPEIGHTSTOWN,20250408.0,KEE,1.0,1540.0,10.0,6.0,4.0,7.0,8.0,6.0,80.0,S
CD ,20250426,10,10,1320,D,M,100000.0,67.55,DRURY THOMAS JR,0,0,0,0,5.0,0,0,0,RICHARD M KNAPP AND BOB AGNELLO,6.0,VINO DOMINUS,22,2,,PAYNTER,AWESOME AGAIN,DOMINUS,20240918.0,IND,4.0,1210.0,8.0,3.0,2.0,2.0,3.0,3.0,64.0,S
