track_code,race_date,race_number,post_position,entry,distance,surface_code,race_type,claiming_price_category,race_class,purse,claiming_price,claiming_price2,speed_rating,race_conditions,horses_list,track_code2,race_number2,breed_type,field_size,trainer_name,trainer_starts,trainer_wins,trainer_places,trainer_shows,trainer_roi,jockey_name,jockey_starts,jockey_wins,jockey_places,jockey_shows,owner_name,owner_silks,program_number,odds,horse_name,age,sex,color,sire_color,weight,sire,sire_sire,dam,dam_sire,breeder,state_bred,recentRaceDate1,recentRaceDate2,recentRaceDate3,recentRaceDate4,recentRaceDate5,recentRaceDate6,recentRaceDate7,recentRaceDate8,recentRaceDate9,recentRaceDate10,recentRaceTrackCode1,recentRaceTrackCode2,recentRaceTrackCode3,recentRaceTrackCode4,recentRaceTrackCode5,recentRaceTrackCode6,recentRaceTrackCode7,recentRaceTrackCode8,recentRaceTrackCode9,recentRaceTrackCode10,recentRaceBrisTrackCode1,recentRaceBrisTrackCode2,recentRaceBrisTrackCode3,recentRaceBrisTrackCode4,recentRaceBrisTrackCode5,recentRaceBrisTrackCode6,recentRaceBrisTrackCode7,recentRaceBrisTrackCode8,recentRaceBrisTrackCode9,recentRaceBrisTrackCode10,recentRaceNumber1,recentRaceNumber2,recentRaceNumber3,recentRaceNumber4,recentRaceNumber5,recentRaceNumber6,recentRaceNumber7,recentRaceNumber8,recentRaceNumber9,recentRaceNumber10,recentRaceTrackCondition1,recentRaceTrackCondition2,recentRaceTrackCondition3,recentRaceTrackCondition4,recentRaceTrackCondition5,recentRaceTrackCondition6,recentRaceTrackCondition7,recentRaceTrackCondition8,recentRaceTrackCondition9,recentRaceTrackCondition10,recentSurfaceCode1,recentSurfaceCode2,recentSurfaceCode3,recentSurfaceCode4,recentSurfaceCode5,recentSurfaceCode6,recentSurfaceCode7,recentSurfaceCode8,recentSurfaceCode9,recentSurfaceCode10,recentNumEntrants1,recentNumEntrants2,recentNumEntrants3,recentNumEntrants4,recentNumEntrants5,recentNumEntrants6,recentNumEntrants7,recentNumEntrants8,recentNumEntrants9,recentNumEntrants10,recentPostPosition1,recentPostPosition2,recentPostPosition3,recentPostPosition4,recentPostPosition5,recentPostPosition6,recentPostPosition7,recentPostPosition8,recentPostPosition9,recentPostPosition10,recentStartCallPosition1,recentStartCallPosition2,recentStartCallPosition3,recentStartCallPosition4,recentStartCallPosition5,recentStartCallPosition6,recentStartCallPosition7,recentStartCallPosition8,recentStartCallPosition9,recentStartCallPosition10,recent1stCallPosition1,recent1stCallPosition2,recent1stCallPosition3,recent1stCallPosition4,recent1stCallPosition5,recent1stCallPosition6,recent1stCallPosition7,recent1stCallPosition8,recent1stCallPosition9,recent1stCallPosition10,recentStretchPosition1,recentStretchPosition2,recentStretchPosition3,recentStretchPosition4,recentStretchPosition5,recentStretchPosition6,recentStretchPosition7,recentStretchPosition8,recentStretchPosition9,recentStretchPosition10,recentFinishPosition1,recentFinishPosition2,recentFinishPosition3,recentFinishPosition4,recentFinishPosition5,recentFinishPosition6,recentFinishPosition7,recentFinishPosition8,recentFinishPosition9,recentFinishPosition10,recentBrisSpeed1,recentBrisSpeed2,recentBrisSpeed3,recentBrisSpeed4,recentBrisSpeed5,recentBrisSpeed6,recentBrisSpeed7,recentBrisSpeed8,recentBrisSpeed9,recentBrisSpeed10,recentRaceType1,recentRaceType2,recentRaceType3,recentRaceType4,recentRaceType5,recentRaceType6,recentRaceType7,recentRaceType8,recentRaceType9,recentRaceType10,trainerPrevYrStarts,trainerPrevYrWins,trainerPrevYrPlaces,trainerPrevYrShows,jockeyPrevYrStarts,jockeyPrevYrWins,jockeyPrevYrPlaces,jockeyPrevYrShows,currentSireStudFee,BrisDirtPedigree,BrisMudPedigree,BrisTurfPedigree,BrisDistPedigree
CD ,20250426,1,1,,1760,D,C,CUN,Clm 12500,45000,12500.0,12500.0,93.26, DCENTRIES 1ST CDX APRIL 26 8F K45000 12500 0 CUN 1 MILE DIRT THOROUGHBRED OPEN 4 YEAR OLDS AND UP CLAIMING 12500-ALL PURSE $45000 (05:00) (11),TIBERIUS MERCURIUS;WHERE IS LISA;READY PURSUIT;PERUVIAN LUCKY;IMPROBABLE STORY;SYNTHESIS;HOODLUM;I AM THE GAME;METATRON'S MUSE;NOAHS ARK,CD ,1,TB,9,ESQUIVEL JESUS,0,0,0,0,MACHADO LUAN,,0,0,0,TEC RACING ,Royal blue; white 'L' in horseshoe; white blocks on sleeves; royal blue cap,,4.0,TIBERIUS MERCURIUS,16,4,,B,118,THE FACTOR,WAR FRONT,THE WINGED VENUS,ROCK HARD TEN,Anastasie Astrid Christiansen-Croy,KY,,20250329.0,20250307.0,20250208.0,20250118.0,20241228.0,20241116.0,20241025.0,20240724.0,20240705.0,20240518.0,TP,TP,TP,TP,TP,WO,WO,SAR,BAQ,CD,TP,TP,TP,TP,TP,WO,WO,SAR,BAQ,CD,5.0,5.0,6.0,8.0,6.0,4.0,7.0,8.0,3.0,10.0,FT,FT,FT,FT,FT,FT,FM,FM,FM,FM,2640.0,1870.0,1760.0,1760.0,2200.0,1980.0,1760.0,1870.0,1870.0,1760.0,11.0,12.0,8.0,11.0,12.0,8.0,11.0,11.0,6.0,12.0,2.0,1.0,3.0,3.0,2.0,2.0,10.0,1.0,2.0,12.0,1.0,4.0,8.0,4.0,8.0,4.0,4.0,10.0,5.0,7.0,1.0,3.0,8.0,3.0,5,4.0,4.0,11.0,4.0,6.0,5.0,2,3.0,1.0,9,8.0,4.0,10.0,6.0,8.0,8.0,4,3.0,1.0,11,8.0,9.0,9.0,6.0,9.0,81.0,82.0,90.0,87.0,80.0,78.0,70.0,81.0,84.0,79.0,AO,AO,AO,C,AO,C,C,C,C,AO,177,22,16,22,1015,155,133,128,7500.0,104,103,109,103
CD ,20250426,1,2,,1760,D,C,CUN,Clm 12500,45000,12500.0,12500.0,93.26,,TIBERIUS MERCURIUS;WHERE IS LISA;READY PURSUIT;PERUVIAN LUCKY;IMPROBABLE STORY;SYNTHESIS;HOODLUM;I AM THE GAME;METATRON'S MUSE;NOAHS ARK,CD ,1,TB,9,ANTONUIK JERRY,0,0,0,0,RODRIGUEZ WALTER A,,0,0,0,LISA TIEMEYER STABLE LLC ,Fuchsia and white halves; black and white diamonds; black and white diamonds on fuchsia and white op,,30.0,WHERE IS LISA,21,6,,B,118,DIVINING ROD,TAPIT,HAYLEY AGNES,REDEEMED,Fred T Lewis DVM,MD,,20250319.0,20250305.0,20250206.0,20250115.0,20250103.0,20241207.0,20241018.0,20241003.0,20240914.0,20240831.0,TP,TP,TP,TP,TP,TP,KEE,BTP,BTP,BTP,TP,TP,TP,TP,TP,TP,KEE,BTP,BTP,BTP,3.0,7.0,1.0,2.0,2.0,2.0,6.0,5.0,4.0,4.0,FT,FT,FT,FT,FT,FT,FT,FT,FT,FT,1320.0,1760.0,1760.0,1870.0,1760.0,1760.0,1980.0,1760.0,1760.0,1830.0,6.0,8.0,6.0,8.0,10.0,10.0,11.0,7.0,7.0,6.0,1.0,1.0,3.0,6.0,8.0,7.0,6.0,2.0,4.0,5.0,4.0,3.0,2.0,2.0,8.0,2.0,8.0,4.0,1.0,2.0,5.0,4.0,2.0,2.0,9,2.0,8.0,4.0,1.0,2.0,5.0,4,5.0,7.0,7,1.0,10.0,3.0,1.0,4.0,3.0,6,5.0,7.0,7,1.0,10.0,3.0,1.0,4.0,73.0,62.0,66.0,23.0,70.0,72.0,61.0,68.0,75.0,67.0,C,C,C,C,C,C,C,C,C,C,43,8,4,6,365,58,42,41,3500.0,101,100,99,99
CD ,20250426,1,3,,1760,D,C,CUN,Clm 12500,45000,12500.0,12500.0,93.26,,TIBERIUS MERCURIUS;WHERE IS LISA;READY PURSUIT;PERUVIAN LUCKY;IMPROBABLE STORY;SYNTHESIS;HOODLUM;I AM THE GAME;METATRON'S MUSE;NOAHS ARK,CD ,1,TB,9,HERNANDEZ REY,0,0,0,0,SANJUR SANTO,,0,0,0,JOHN DONALDSON,Navy; yellow 'MJD' on green shamrock; green cap,,8.0,COYOTE ROAD,19,5,,B,118,QUALITY ROAD,ELUSIVE QUALITY,DEVIOUS INTENT,DIXIE UNION,Stonestreet Thoroughbred Holdings LLC,KY,,20241220.0,20241120.0,20241030.0,20241004.0,20240802.0,20240710.0,20240605.0,20240518.0,20240412.0,20240105.0,TP,CD,CD,BTP,BTP,BTP,BTP,BTP,KEE,TP,TP,CD,CD,BTP,BTP,BTP,BTP,BTP,KEE,TP,6.0,9.0,6.0,7.0,5.0,5.0,3.0,3.0,1.0,2.0,FT,FT,FT,FT,GD,FT,FT,FT,WF,FT,1760.0,1980.0,1760.0,1830.0,1830.0,1830.0,1760.0,1320.0,1320.0,1430.0,12.0,10.0,9.0,8.0,6.0,6.0,5.0,7.0,8.0,10.0,8.0,9.0,4.0,6.0,5.0,5.0,4.0,4.0,4.0,3.0,8.0,5.0,4.0,5.0,3.0,2.0,2.0,6.0,5.0,7.0,9.0,4.0,5.0,4.0,3,1.0,2.0,5.0,7.0,8.0,12.0,8,5.0,3.0,2,2.0,1.0,5.0,7.0,7.0,11.0,7,3.0,3.0,3,1.0,1.0,3.0,7.0,8.0,57.0,73.0,77.0,80.0,79.0,77.0,78.0,73.0,57.0,67.0,C,C,C,CO,AO,CO,C,C,C,C,144,14,20,19,449,51,69,50,,111,111,109,110
CD ,20250426,1,4,,1760,D,C,CUN,Clm 12500,45000,12500.0,12500.0,93.26,,TIBERIUS MERCURIUS;WHERE IS LISA;READY PURSUIT;PERUVIAN LUCKY;IMPROBABLE STORY;SYNTHESIS;HOODLUM;I AM THE GAME;METATRON'S MUSE;NOAHS ARK,CD ,1,TB,9,GONZALEZ REINA E,0,0,0,0,GUTIERREZ MARIO,,0,0,0,REINA E GONZALEZ,Hunter green; purple cross sashes; black 'RG'; purple cap,,15.0,READY PURSUIT,19,2,,B,118,KLIMT,QUALITY ROAD,READY LOVE,MORE THAN READY,Scott Hess,KY,,20250327.0,20250223.0,20250123.0,20250103.0,20241218.0,20241201.0,20241114.0,20241030.0,20240927.0,20240906.0,TP,TP,TP,TP,TP,CD,CD,CD,CD,BTP,TP,TP,TP,TP,TP,CD,CD,CD,CD,BTP,2.0,2.0,7.0,2.0,2.0,12.0,3.0,8.0,7.0,4.0,FT,FT,FT,FT,FT,FT,SY,FT,SY,FT,1430.0,1430.0,1320.0,1760.0,1760.0,1540.0,1430.0,1320.0,1320.0,1320.0,12.0,7.0,10.0,10.0,9.0,7.0,7.0,12.0,6.0,6.0,4.0,6.0,8.0,10.0,3.0,5.0,6.0,2.0,1.0,4.0,12.0,6.0,3.0,9.0,8.0,2.0,5.0,9.0,5.0,2.0,12.0,6.0,4.0,8.0,8,6.0,6.0,11.0,5.0,6.0,9.0,2,6.0,5.0,8,7.0,6.0,9.0,3.0,4.0,7.0,1,6.0,6.0,5,7.0,3.0,8.0,1.0,4.0,64.0,80.0,73.0,72.0,68.0,75.0,76.0,73.0,81.0,70.0,R,C,C,C,C,R,C,C,C,C,44,2,2,6,290,28,29,35,7500.0,101,101,104,100
CD ,20250426,1,5,,1760,D,C,CUN,Clm 12500,45000,12500.0,12500.0,93.26,,TIBERIUS MERCURIUS;WHERE IS LISA;READY PURSUIT;PERUVIAN LUCKY;IMPROBABLE STORY;SYNTHESIS;HOODLUM;I AM THE GAME;METATRON'S MUSE;NOAHS ARK,CD ,1,TB,9,COOK JASON B,0,0,0,0,MONCADA IRVING,5.0,0,0,0,DAVID E MILLER,White; red cardinal; red and black blocks on sleeves; white cap,,5.0,PERUVIAN LUCKY,19,3,,B,113,LOOKIN AT LUCKY,SMART STRIKE,SOLARANA,MUTAKDDIM,Stud Recoveco LLC,KY,,20250228.0,20250201.0,20250118.0,20241213.0,20241024.0,20241007.0,20240819.0,20240625.0,20240604.0,20240513.0,TP,TP,TP,TP,IND,IND,ELP,IND,IND,IND,TP,TP,TP,TP,IND,IND,ELP,IND,IND,IND,3.0,9.0,9.0,3.0,5.0,5.0,9.0,8.0,7.0,8.0,FT,FT,FT,FT,FM,FM,FM,FM,FM,TF,1760.0,1760.0,1320.0,1760.0,1870.0,1760.0,1870.0,1760.0,1870.0,1760.0,9.0,9.0,12.0,11.0,8.0,12.0,9.0,10.0,9.0,11.0,4.0,9.0,11.0,2.0,8.0,6.0,6.0,7.0,3.0,6.0,3.0,5.0,1.0,4.0,2.0,4.0,2.0,8.0,3.0,4.0,4.0,5.0,6.0,4.0,2,3.0,2.0,8.0,1.0,4.0,5.0,2,6.0,2.0,3,2.0,1.0,9.0,3.0,8.0,6.0,3,6.0,2.0,7,1.0,2.0,9.0,3.0,4.0,79.0,80.0,74.0,81.0,76.0,77.0,89.0,76.0,78.0,79.0,CO,C,AO,C,AO,C,C,AO,AO,AO,29,8,3,4,280,41,26,37,,104,104,104,104
CD ,20250426,1,6,,1760,D,C,CUN,Clm 12500,45000,12500.0,12500.0,93.26,,TIBERIUS MERCURIUS;WHERE IS LISA;READY PURSUIT;PERUVIAN LUCKY;IMPROBABLE STORY;SYNTHESIS;HOODLUM;I AM THE GAME;METATRON'S MUSE;NOAHS ARK,CD ,1,TB,9,KING BARRY L,0,0,0,0,LEPAROUX JULIEN R,,0,0,0,BARRY L KING,White; black 'BK'; white cap,,20.0,IMPROBABLE STORY,17,4,,DKBBR,118,JUSTIN PHILLIP,FIRST SAMURAI,BLAGEUSE,DISTORTED HUMOR,High Top Bloodstock & Springland Farm,KY,,20250416.0,20250313.0,20250207.0,20250124.0,20241220.0,20241205.0,20241116.0,20241102.0,20240930.0,20240918.0,IND,TP,TP,TP,TP,TP,CD,CD,IND,CD,IND,TP,TP,TP,TP,TP,CD,CD,IND,CD,4.0,5.0,6.0,3.0,6.0,7.0,1.0,4.0,3.0,1.0,FT,FT,FT,FT,FT,FT,FT,FT,GD,FT,1210.0,1760.0,1760.0,1320.0,1760.0,1760.0,1430.0,1870.0,1320.0,1320.0,7.0,9.0,8.0,11.0,12.0,10.0,5.0,9.0,7.0,5.0,5.0,6.0,5.0,6.0,10.0,6.0,4.0,1.0,4.0,1.0,5.0,6.0,8.0,11.0,7.0,7.0,2.0,7.0,7.0,2.0,7.0,7.0,8.0,11.0,7,7.0,5.0,8.0,7.0,4.0,6.0,7,5.0,5.0,6,5.0,5.0,9.0,7.0,4.0,5.0,7,5.0,3.0,5,3.0,5.0,8.0,7.0,2.0,64.0,71.0,69.0,78.0,73.0,81.0,85.0,71.0,67.0,80.0,C,R,R,R,C,C,C,C,CO,C,50,4,4,6,433,41,61,46,3000.0,101,103,104,99
CD ,20250426,1,7,,1760,D,C,CUN,Clm 12500,45000,12500.0,12500.0,93.26,,TIBERIUS MERCURIUS;WHERE IS LISA;READY PURSUIT;PERUVIAN LUCKY;IMPROBABLE STORY;SYNTHESIS;HOODLUM;I AM THE GAME;METATRON'S MUSE;NOAHS ARK,CD ,1,TB,9,JACOBSON DAVID,0,0,0,0,ORTIZ IRAD JR,,0,0,0,DAVID JACOBSON,White; black diamond belt; red band on sleeves; red cap,,3.5,SYNTHESIS,16,2,,DKBBR,118,FIRST SAMURAI,GIANT'S CAUSEWAY,TRUST IN HOPE,BERNARDINI,Catherine Zoc,KY,,20250404.0,20250308.0,20250123.0,20250104.0,20240818.0,20240731.0,20240714.0,20240526.0,20240420.0,20240330.0,OP,OP,OP,OP,SAR,DEL,MTH,BAQ,AQU,AQU,OP,OP,OP,OP,SAR,DEL,MTH,BAQ,AQU,AQU,2.0,5.0,6.0,4.0,5.0,6.0,6.0,2.0,7.0,2.0,MY,FT,FT,FT,MY,FT,FT,FT,FT,FT,1320.0,1320.0,1320.0,1320.0,1540.0,1320.0,1320.0,1320.0,1760.0,1760.0,6.0,11.0,9.0,12.0,8.0,6.0,3.0,4.0,6.0,8.0,5.0,1.0,6.0,1.0,2.0,4.0,3.0,3.0,1.0,7.0,6.0,9.0,7.0,8.0,8.0,4.0,2.0,3.0,1.0,1.0,6.0,11.0,9.0,11.0,7,6.0,2.0,2.0,1.0,1.0,5.0,7,7.0,9.0,7,6.0,3.0,3.0,3.0,2.0,5.0,3,5.0,10.0,7,6.0,3.0,3.0,4.0,1.0,80.0,84.0,84.0,83.0,69.0,68.0,85.0,92.0,89.0,95.0,R,C,C,C,C,CO,CO,AO,AO,AO,382,65,52,65,1549,327,267,211,5000.0,107,107,107,106
CD ,20250426,1,8,,1760,D,C,CUN,Clm 12500,45000,12500.0,12500.0,93.26,,TIBERIUS MERCURIUS;WHERE IS LISA;READY PURSUIT;PERUVIAN LUCKY;IMPROBABLE STORY;SYNTHESIS;HOODLUM;I AM THE GAME;METATRON'S MUSE;NOAHS ARK,CD ,1,TB,9,STALL ALBERT M JR,0,0,0,0,SAEZ LUIS,,0,0,0,JOHN MCCULLOCH AND ALLEN MCCULLOCH,Red and gold stripes; red and gold quartered sleeves; red cap,,3.0,HOODLUM,19,3,,B,118,PIONEEROF THE NILE,EMPIRE MAKER,VENUS VALENTINE,CONGRATS,WinStar Farm LLC,KY,,20250217.0,20250104.0,20241116.0,20241018.0,20240922.0,20240720.0,20240517.0,20240421.0,20240322.0,20240306.0,FG,OP,CD,KEE,CD,ELP,CD,KEE,FG,FG,FG,OP,CD,KEE,CD,ELP,CD,KEE,FG,FG,4.0,10.0,4.0,5.0,6.0,3.0,7.0,1.0,3.0,4.0,FM,FT,FT,FT,FT,FT,SY,FT,GD,FT,1650.0,1870.0,1870.0,1980.0,1870.0,1980.0,1980.0,1870.0,1870.0,1870.0,10.0,12.0,10.0,10.0,8.0,7.0,6.0,6.0,10.0,8.0,9.0,7.0,5.0,2.0,4.0,7.0,5.0,3.0,3.0,4.0,8.0,8.0,6.0,6.0,1.0,3.0,3.0,6.0,5.0,3.0,4.0,9.0,6.0,7.0,2,3.0,3.0,5.0,5.0,3.0,6.0,9,5.0,3.0,1,1.0,2.0,3.0,1.0,2.0,9.0,9,6.0,2.0,1,1.0,2.0,4.0,1.0,2.0,72.0,75.0,85.0,85.0,79.0,85.0,85.0,84.0,85.0,81.0,CO,A,R,R,R,CO,R,R,R,CO,211,35,28,29,1443,235,213,182,110000.0,108,108,108,107
CD ,20250426,1,9,,1760,D,C,CUN,Clm 12500,45000,12500.0,12500.0,93.26,,TIBERIUS MERCURIUS;WHERE IS LISA;READY PURSUIT;PERUVIAN LUCKY;IMPROBABLE STORY;SYNTHESIS;HOODLUM;I AM THE GAME;METATRON'S MUSE;NOAHS ARK,CD ,1,TB,9,CHAVEZ MANUEL,0,0,0,0,BARBOSA CARLOS,,0,0,0,JIM TICHENOR,Royal blue; yellow 'MANUEL CHAVEZ' and racehorse emblem; yellow lightning bolt on sleeves; royal blu,,15.0,I AM THE GAME,20,1,,DKBBR,118,MENDELSSOHN,SCAT DADDY,TALIHINA SKY,MALIBU MOON,Castleton Lyons & Kilboy Estate,KY,,20250329.0,20250308.0,20250226.0,20250205.0,20250124.0,20250103.0,20241212.0,20241014.0,20240907.0,20240814.0,TP,TP,TP,TP,TP,TP,TP,IND,BTP,IND,TP,TP,TP,TP,TP,TP,TP,IND,BTP,IND,3.0,4.0,2.0,3.0,8.0,4.0,6.0,8.0,5.0,1.0,FT,FT,FT,FT,FT,FT,FT,FM,FT,FT,1870.0,1760.0,1760.0,1760.0,1760.0,1760.0,1870.0,1760.0,1830.0,1760.0,12.0,8.0,9.0,8.0,12.0,12.0,12.0,10.0,6.0,7.0,2.0,6.0,3.0,5.0,8.0,6.0,1.0,10.0,4.0,6.0,5.0,4.0,6.0,4.0,9.0,7.0,10.0,6.0,4.0,7.0,5.0,4.0,6.0,4.0,11,9.0,8.0,6.0,4.0,7.0,5.0,1,4.0,3.0,11,8.0,3.0,8.0,1.0,5.0,4.0,1,4.0,3.0,11,6.0,2.0,6.0,5.0,6.0,73.0,79.0,68.0,70.0,68.0,76.0,82.0,75.0,71.0,69.0,C,C,C,C,C,C,C,CO,C,C,35,4,4,2,319,24,42,24,15000.0,106,106,108,106
CD ,20250426,1,10,,1760,D,C,CUN,Clm 12500,45000,12500.0,12500.0,93.26,,TIBERIUS MERCURIUS;WHERE IS LISA;READY PURSUIT;PERUVIAN LUCKY;IMPROBABLE STORY;SYNTHESIS;HOODLUM;I AM THE GAME;METATRON'S MUSE;NOAHS ARK,CD ,1,TB,9,SHARP JOE,0,0,0,0,ORTIZ JOSE L,,0,0,0,JOE SHARP,White; black circled 'WW'; white chevrons on black sleeves; white cap,,8.0,METATRON'S MUSE,20,5,,CH,118,FLATTER,A.P. INDY,COUNTESS CURLIN,CURLIN,Stonestreet Thoroughbred Holdings LLC,KY,,20250201.0,20250101.0,20241129.0,20241030.0,20240914.0,20240824.0,20240807.0,20240626.0,20240525.0,20231026.0,TP,TP,CD,CD,BTP,BTP,BTP,BTP,BTP,PID,TP,TP,CD,CD,BTP,BTP,BTP,BTP,BTP,PID,4.0,4.0,4.0,6.0,1.0,3.0,7.0,7.0,5.0,8.0,FT,FT,FT,FT,FT,FT,FT,FT,FT,FT,1760.0,1760.0,1540.0,1760.0,1430.0,1760.0,1760.0,1760.0,1830.0,1980.0,10.0,11.0,11.0,9.0,6.0,5.0,6.0,5.0,7.0,12.0,10.0,1.0,2.0,3.0,4.0,3.0,3.0,5.0,7.0,7.0,6.0,5.0,3.0,5.0,3.0,3.0,6.0,4.0,3.0,4.0,6.0,6.0,4.0,3.0,5,2.0,5.0,5.0,3.0,3.0,5.0,8,5.0,7.0,1,3.0,5.0,3.0,1.0,12.0,5.0,6,5.0,5.0,1,3.0,5.0,3.0,1.0,12.0,65.0,80.0,76.0,73.0,74.0,75.0,78.0,68.0,76.0,48.0,C,C,C,C,C,C,A,A,A,A,586,94,89,63,1362,277,168,182,35000.0,108,109,108,107
CD ,20250426,1,11,,1760,D,C,CUN,Clm 12500,45000,12500.0,12500.0,93.26,,TIBERIUS MERCURIUS;WHERE IS LISA;READY PURSUIT;PERUVIAN LUCKY;IMPROBABLE STORY;SYNTHESIS;HOODLUM;I AM THE GAME;METATRON'S MUSE;NOAHS ARK,CD ,1,TB,9,NORRIS MIKE,0,0,0,0,SAEZ GABRIEL,,0,0,0,STEVE ALEC RHODES,White; American flag; red; white and blue sleeves; red cap,,20.0,NOAHS ARK,21,4,,B,118,YOSHIDA,HEART'S CRY,BIBLE,U S RANGER,WinStar Farm LLC,ON,,20250329.0,20250313.0,20250226.0,20250118.0,20241027.0,20240919.0,20240817.0,20240720.0,20240202.0,20240118.0,TP,TP,TP,TP,WO,WO,WO,WO,TP,TP,TP,TP,TP,TP,WO,WO,WO,WO,TP,TP,3.0,4.0,8.0,8.0,10.0,6.0,2.0,2.0,3.0,7.0,FT,FT,FT,FT,FT,FT,FT,FT,FT,FT,1870.0,1760.0,1760.0,1760.0,1980.0,1540.0,1870.0,1870.0,1760.0,1760.0,12.0,8.0,10.0,11.0,11.0,9.0,6.0,6.0,9.0,11.0,9.0,3.0,9.0,9.0,11.0,4.0,1.0,2.0,9.0,9.0,8.0,2.0,6.0,6.0,9.0,9.0,3.0,2.0,4.0,9.0,8.0,2.0,7.0,7.0,9,5.0,2.0,2.0,4.0,10.0,8.0,2,3.0,10.0,7,2.0,3.0,1.0,7.0,6.0,6.0,2,1.0,9.0,6,1.0,3.0,1.0,7.0,4.0,72.0,76.0,79.0,76.0,80.0,83.0,78.0,81.0,68.0,76.0,C,C,C,C,AO,C,CO,CO,R,AO,23,2,2,1,252,16,17,19,9533.0,100,100,102,103
CD ,20250426,2,1,,1760,T,AO,BUM,OClm 100000n3x,141000,100000.0,100000.0,93.78, TAENTRIES 2ND CDX APRIL 26 8F G141000 0 BUM 1 MILE TURF THOROUGHBRED FILLIES AND MARES 3 YEAR OLDS AND UP ALLOWANCE OPTIONAL CLAIMING PURSE $141000 (05:28) (7 ),JILL JITTERBUG;NEVERWALKALONE (BRZ);LUCKY SPEECH;JUSTIFIABLE BELLE;MISSION OF JOY;VINOS ANGEL;NO MO CANDY,CD ,2,TB,9,WALSH RYAN D,0,0,0,0,MORALES EDGAR,,0,0,0,SHAGBARK FARMS LLC ,Green; black blocks; black sleeves; green cap,,20.0,JILL JITTERBUG,20,2,,B,123,CROSS TRAFFIC,UNBRIDLED'S SONG,SWEET NKOSI,A. P. WARRIOR,Ryan D Walsh,KY,,20250320.0,20250212.0,20241219.0,20241114.0,20240920.0,20240829.0,20240804.0,20240607.0,20240418.0,20231202.0,TP,TP,TP,CD,PID,KD,ELP,CD,KEE,TP,TP,TP,TP,CD,PID,KD,ELP,CD,KEE,TP,7.0,9.0,8.0,8.0,9.0,8.0,8.0,5.0,7.0,6.0,FT,FT,FT,SY,FT,FM,FM,FM,FM,FT,1430.0,1320.0,1320.0,1210.0,1430.0,1430.0,1760.0,1210.0,1210.0,1320.0,8.0,10.0,11.0,10.0,9.0,10.0,11.0,7.0,9.0,12.0,3.0,2.0,5.0,4.0,3.0,6.0,4.0,6.0,7.0,9.0,8.0,7.0,5.0,7.0,5.0,9.0,8.0,6.0,6.0,10.0,8.0,4.0,6.0,9.0,9,9.0,9.0,7.0,6.0,11.0,6.0,8,4.0,10.0,9,6.0,9.0,5.0,9.0,11.0,5.0,9,5.0,10.0,8,5.0,9.0,4.0,9.0,10.0,78.0,73.0,82.0,69.0,82.0,81.0,79.0,80.0,79.0,80.0,AO,AO,AO,AO,G2,AO,N,AO,A,N,64,6,3,6,824,108,109,88,,101,102,104,102
CD ,20250426,2,2,,1760,T,AO,BUM,OClm 100000n3x,141000,100000.0,,93.78,,JILL JITTERBUG;NEVERWALKALONE (BRZ);LUCKY SPEECH;JUSTIFIABLE BELLE;MISSION OF JOY;VINOS ANGEL;NO MO CANDY,CD ,2,TB,9,LOBO PAULO H,0,0,0,0,MACHADO LUAN,,0,0,0,BONNE CHANCE FARM LLC ,Blue and yellow diagonal stripes; white sleeves; blue cap,,10.0,NEVERWALKALONE,20,8,,DKBBR,123,AGNES GOLD,SUNDAY SILENCE,ZAFIRA,REDATTORE,Stud Rio Dois Irmaos,BRZ,,20250302.0,20250124.0,20240905.0,20240804.0,20240622.0,20230902.0,20230805.0,20230623.0,20230525.0,20230303.0,AQU,TP,KD,ELP,CD,*AR,*SI,*SI,*SI,*SI,AQU,TP,KD,ELP,CD,*AR,*SI,*SI,*SI,*SI,2.0,6.0,9.0,8.0,2.0,9.0,9.0,8.0,6.0,5.0,FT,FT,FM,FM,FM,FT,FT,FT,HY,FT,1320.0,1760.0,1830.0,1760.0,1760.0,1750.0,1750.0,1750.0,1750.0,1312.0,5.0,10.0,12.0,11.0,5.0,11.0,7.0,14.0,13.0,8.0,3.0,6.0,1.0,3.0,1.0,9.0,4.0,11.0,9.0,4.0,5.0,4.0,3.0,6.0,3.0,,7.0,12.0,10.0,8.0,5.0,4.0,5.0,8.0,3,,6.0,12.0,5.0,8.0,5.0,1,4.0,5.0,5,,1.0,2.0,1.0,2.0,4.0,2,6.0,4.0,5,3.0,1.0,1.0,1.0,2.0,88.0,86.0,92.0,84.0,84.0,,,,,,N,N,N,N,AO,G1,G1,G1,S,S,284,51,46,33,1015,155,133,128,,104,104?,112?,104?
CD ,20250426,2,3,,1760,T,AO,BUM,OClm 100000n3x,141000,100000.0,,93.78,,JILL JITTERBUG;NEVERWALKALONE (BRZ);LUCKY SPEECH;JUSTIFIABLE BELLE;MISSION OF JOY;VINOS ANGEL;NO MO CANDY,CD ,2,TB,9,SHARP JOE,0,0,0,0,ORTIZ JOSE L,,0,0,0,ANTHONY TATE,Black; yellow circled 'T'; black cap,,5.0,LUCKY SPEECH,21,4,,B,123,AUDIBLE,INTO MISCHIEF,LUCKYALLMYLIFE,LOOKIN AT LUCKY,Delia Nash & Jun Park,KY,,20241017.0,20240829.0,20240727.0,20240615.0,20240517.0,20240405.0,20240229.0,20240127.0,20240101.0,,KEE,KD,ELP,CD,CD,KEE,FG,FG,FG,,KEE,KD,ELP,CD,CD,KEE,FG,FG,FG,,4.0,4.0,7.0,5.0,9.0,10.0,9.0,5.0,6.0,,TF,FM,FM,FT,SY,TF,FM,MY,FT,,1870.0,2310.0,1980.0,1870.0,1870.0,2090.0,-1870.0,1830.0,1320.0,,10.0,9.0,10.0,5.0,7.0,11.0,9.0,7.0,8.0,,2.0,3.0,3.0,2.0,2.0,5.0,5.0,3.0,8.0,,3.0,2.0,1.0,1.0,2.0,5.0,3.0,1.0,8.0,,3.0,2.0,1.0,1.0,2,5.0,4.0,1.0,7.0,,6.0,1,1.0,5.0,1,7.0,4.0,4.0,8.0,,8.0,1,1.0,5.0,1,8.0,3.0,5.0,7.0,,81.0,85.0,82.0,62.0,82.0,80.0,69.0,65.0,57.0,,A,AO,A,N,S,S,S,S,S,,586,94,89,63,1362,277,168,182,10000.0,108,106,108,107
CD ,20250426,2,4,,1760,T,AO,BUM,OClm 100000n3x,141000,100000.0,,93.78,,JILL JITTERBUG;NEVERWALKALONE (BRZ);LUCKY SPEECH;JUSTIFIABLE BELLE;MISSION OF JOY;VINOS ANGEL;NO MO CANDY,CD ,2,TB,9,WILKES IAN R,0,0,0,0,SAEZ LUIS,,0,0,0,VALLEY PARTNERS LLC ,Green; blue emblem; white sleeves; green cap,,3.0,JUSTIFIABLE BELLE,20,4,,CH,123,JUSTIFY,SCAT DADDY,BOW BELLS,GIANT'S CAUSEWAY,Jay Grandfield & Anne Cowley,KY,,20241017.0,20240911.0,20240519.0,20240407.0,20230819.0,20230622.0,20230415.0,20230311.0,20230122.0,20221119.0,KEE,KD,CD,KEE,ELP,IND,TAM,TAM,GP,AQU,KEE,KD,CD,KEE,ELP,IND,TAM,TAM,GP,AQU,4.0,7.0,8.0,9.0,8.0,3.0,9.0,12.0,6.0,1.0,TF,FM,FM,FM,FM,FM,FM,FM,FM,FM,1870.0,1760.0,1760.0,1760.0,2200.0,1760.0,1760.0,1760.0,1870.0,1870.0,10.0,11.0,10.0,12.0,9.0,8.0,9.0,10.0,12.0,11.0,3.0,6.0,3.0,9.0,7.0,6.0,4.0,3.0,8.0,2.0,4.0,3.0,2.0,4.0,3.0,6.0,2.0,3.0,7.0,5.0,4.0,4.0,2.0,4.0,3,6.0,2.0,4.0,6.0,6.0,5.0,2,1.0,2.0,3,5.0,1.0,3.0,5.0,8.0,6.0,2,1.0,1.0,2,4.0,1.0,3.0,4.0,6.0,82.0,82.0,90.0,88.0,83.0,72.0,79.0,77.0,78.0,78.0,A,AO,AO,A,A,A,S,S,S,S,286,34,34,36,1443,235,213,182,250000.0,113,110,117,113
CD ,20250426,2,5,,1760,T,AO,BUM,OClm 100000n3x,141000,100000.0,,93.78,,JILL JITTERBUG;NEVERWALKALONE (BRZ);LUCKY SPEECH;JUSTIFIABLE BELLE;MISSION OF JOY;VINOS ANGEL;NO MO CANDY,CD ,2,TB,9,MOTION H GRAHAM,0,0,0,0,ORTIZ IRAD JR,,0,0,0,RYZAN SUN RACING LLC AND MADAKET STABLES,White and light blue halves; white mountains and yellow sun emblem; light blue sleeves; light blue c,,1.8,MISSION OF JOY,20,3,,CH,123,KITTEN'S JOY,EL PRADO,SMART MISSION,SMART STRIKE,Sam-Son Farm,ON,,20241005.0,20240831.0,20240713.0,20240607.0,20240504.0,20240127.0,20231014.0,20230909.0,20230708.0,20230603.0,WO,KD,SAR,SAR,CD,GP,KEE,CNL,BEL,CD,WO,KD,SAR,SAR,CD,GP,KEE,CNL,BEL,CD,8.0,10.0,10.0,10.0,7.0,10.0,9.0,9.0,8.0,5.0,TF,FM,FM,FM,TF,FM,TF,FM,FM,FM,1870.0,1760.0,1980.0,1760.0,1760.0,1870.0,1980.0,1980.0,2200.0,1980.0,12.0,12.0,10.0,7.0,10.0,11.0,9.0,8.0,9.0,6.0,6.0,10.0,3.0,1.0,10.0,10.0,1.0,7.0,1.0,3.0,4.0,8.0,8.0,5.0,7.0,6.0,2.0,6.0,3.0,3.0,4.0,9.0,7.0,6.0,7,5.0,3.0,6.0,3.0,3.0,4.0,10,7.0,6.0,5,6.0,2.0,3.0,2.0,1.0,6.0,10,6.0,3.0,4,5.0,3.0,4.0,7.0,1.0,83.0,76.0,95.0,90.0,100.0,84.0,95.0,86.0,85.0,91.0,G2,G3,G1,G1,G2,G2,G1,N,G1,G3,392,70,61,47,1549,327,267,211,50000.0,105,105,109,105
CD ,20250426,2,6,,1760,T,AO,BUM,OClm 100000n3x,141000,100000.0,,93.78,,JILL JITTERBUG;NEVERWALKALONE (BRZ);LUCKY SPEECH;JUSTIFIABLE BELLE;MISSION OF JOY;VINOS ANGEL;NO MO CANDY,CD ,2,TB,9,BAHENA ISMAEL,0,0,0,0,CALLEJA ANDRES,,0,0,0,ISMAEL BAHENA,Blue; blue 'IB' on white diamond; blue diamonds on white sleeves; blue cap,,30.0,VINOS ANGEL,21,2,,CH,123,VINO ROSSO,CURLIN,TWISTED ADAGE,HARD SPUN,Stoneriggs Farm,KY,,20250326.0,20250301.0,20250206.0,20250123.0,20241211.0,20241116.0,20241010.0,20240926.0,20240826.0,20240729.0,TP,TP,TP,TP,TP,CD,PID,PID,PID,PID,TP,TP,TP,TP,TP,CD,PID,PID,PID,PID,7.0,7.0,6.0,6.0,8.0,7.0,6.0,7.0,7.0,1.0,FT,FT,FT,FT,FT,FT,FT,FT,FT,FT,1760.0,1760.0,1760.0,1760.0,2200.0,1760.0,1830.0,1830.0,1870.0,1830.0,10.0,8.0,8.0,12.0,10.0,9.0,5.0,5.0,7.0,6.0,1.0,6.0,5.0,9.0,2.0,6.0,2.0,4.0,6.0,3.0,7.0,7.0,6.0,10.0,6.0,9.0,5.0,4.0,5.0,3.0,8.0,7.0,6.0,4.0,8,9.0,5.0,5.0,5.0,3.0,7.0,7,1.0,2.0,7,8.0,5.0,4.0,1.0,1.0,3.0,6,1.0,1.0,6,8.0,3.0,4.0,1.0,1.0,86.0,74.0,80.0,83.0,83.0,59.0,72.0,69.0,84.0,84.0,AO,N,C,C,AO,R,AO,AO,A,C,120,9,11,11,377,28,30,38,12500.0,107,106,106,107
CD ,20250426,2,7,,1760,T,AO,BUM,OClm 100000n3x,141000,100000.0,,93.78,,JILL JITTERBUG;NEVERWALKALONE (BRZ);LUCKY SPEECH;JUSTIFIABLE BELLE;MISSION OF JOY;VINOS ANGEL;NO MO CANDY,CD ,2,TB,9,JOSEPH SAFFIE A JR,0,0,0,0,DETTORI LANFRANCO,,0,0,0,NIALL J BRENNAN AND MICHAEL J RYAN,Green; peach cross sashes; peach dots on sleeves; green cap,,2.0,NO MO CANDY,21,2,,B,123,UNCLE MO,INDIAN CHARLIE,SWEET,BLAME,Claiborne Farm,KY,,20241108.0,20240920.0,20240726.0,20240627.0,,,,,,,AQU,BAQ,GP,GP,,,,,,,AQU,BAQ,GP,GP,,,,,,,8.0,8.0,6.0,2.0,,,,,,,FM,FM,FT,FT,,,,,,,1760.0,2090.0,1870.0,1830.0,,,,,,,8.0,10.0,6.0,7.0,,,,,,,2.0,1.0,4.0,4.0,,,,,,,2.0,1.0,2.0,5.0,,,,,,,2.0,1.0,2.0,5.0,,,,,,,1.0,1,1.0,4.0,,,,,,,1.0,1,1.0,2.0,,,,,,,93.0,92.0,81.0,73.0,,,,,,,G3,AO,S,S,,,,,,,1071,264,169,132,462,81,66,61,125000.0,112,112,118,114
CD ,20250426,3,1,,1540,D,R,BUM,Alw 30000s,62000,30000.0,,80.44, DRENTRIES 3RD CDX APRIL 26 7F H62000 0 BUM 7 FURLONGS DIRT THOROUGHBRED FILLIES AND MARES 3 YEAR OLDS AND UP STARTER ALLOWANCE PURSE $62000 (05:56) (8 ),CERVARO DELLA SALA (GB);BOLT ON THE ROCKS;NEXT UP;ASK AMANDA;BEACH BUNNY;CREATIVE QUALITY;BIG DIG,CD ,3,TB,9,MEAH ANNA M,0,0,0,0,SAEZ LUIS,,0,0,0,TRIPLE TRIO THOROUGHBREDS CHERYL DOYLE R,White; gold emblem; gold cap,,3.0,CERVARO DELLA SALA,21,5,,GR/RO,124,BUNGLE INTHEJUNGLE,EXCEED AND EXCEL,COMFORT IN SOUND,WAR FRONT,Stratford Place Stud,GB,,20250411.0,20250313.0,20250227.0,20240829.0,20240818.0,20240529.0,20240523.0,20240501.0,20240423.0,20231121.0,KEE,TP,TP,CHD,PNT,KEM,LNG,WLV,GTY,WLV,KEE,TP,TP,CHD,PNT,KEM,LNG,WLV,GTY,WLV,4.0,9.0,5.0,2.0,7.0,3.0,2.0,4.0,6.0,2.0,MY,FT,FT,FT,TF,FT,FT,FT,TF,FT,1430.0,1320.0,1430.0,1540.0,1320.0,1320.0,1540.0,1342.0,1320.0,1122.0,12.0,9.0,10.0,7.0,10.0,5.0,9.0,7.0,7.0,6.0,7.0,1.0,1.0,0.0,0.0,0.0,0.0,0.0,0.0,0.0,2.0,3.0,9.0,,,,,,,,1.0,1.0,10.0,,,,,,,,1.0,2,7.0,,,,,,,,1.0,5,6.0,7.0,4,1.0,2.0,5.0,3.0,3.0,82.0,77.0,68.0,,,,,,,,C,C,AO,N,N,S,S,N,N,S,107,17,12,18,1443,235,213,182,7500.0,106*,106*,115*,107*
CD ,20250426,3,2,,1540,D,R,BUM,Alw 30000s,62000,30000.0,,80.44,,CERVARO DELLA SALA (GB);BOLT ON THE ROCKS;NEXT UP;ASK AMANDA;BEACH BUNNY;CREATIVE QUALITY;BIG DIG,CD ,3,TB,9,HARTMAN CHRIS,0,0,0,0,CURTIS BEN,,0,0,0,RUIS RACING LLC ,Green; white 'WEN-MICK RACING' and emblem; green 'WM' and shamrocks on white sleeves; green and whit,,5.0,BOLT ON THE ROCKS,21,5,,B,124,BOLT D'ORO,MEDAGLIA D'ORO,ROCKPORT BABE,ROCKPORT HARBOR,Ruis Racing LLC,KY,,20250322.0,20250209.0,20240809.0,20240523.0,20240330.0,20240301.0,,,,,OP,SA,DMR,CD,TP,TP,,,,,OP,SA,DMR,CD,TP,TP,,,,,4.0,2.0,3.0,8.0,8.0,4.0,,,,,FT,FT,FT,SY,FT,FT,,,,,1320.0,1430.0,1320.0,1430.0,1320.0,1320.0,,,,,7.0,5.0,9.0,9.0,11.0,11.0,,,,,7.0,1.0,5.0,8.0,1.0,8.0,,,,,3.0,1.0,5.0,8.0,10.0,11.0,,,,,1.0,1.0,1.0,6.0,7,11.0,,,,,1.0,3,2.0,5.0,6,8.0,,,,,1.0,3,2.0,3.0,5,5.0,,,,,79.0,71.0,81.0,72.0,72.0,67.0,,,,,S,M,M,M,M,M,,,,,412,69,66,59,500,77,54,74,30000.0,109,107,108,110
CD ,20250426,3,3,,1540,D,R,BUM,Alw 30000s,62000,30000.0,,80.44,,CERVARO DELLA SALA (GB);BOLT ON THE ROCKS;NEXT UP;ASK AMANDA;BEACH BUNNY;CREATIVE QUALITY;BIG DIG,CD ,3,TB,9,SIMS MATTHEW P,0,0,0,0,MACHADO LUAN,,0,0,0,STEVE L ROBBINS,Navy; orange 'SR'; orange cap,,3.5,NEXT UP,22,3,,B,118,ACCELERATE,LOOKIN AT LUCKY,PINCH HIT,HARLAN'S HOLIDAY,Klein Racing,KY,,20250314.0,,,,,,,,,,TP,,,,,,,,,,TP,,,,,,,,,,2.0,,,,,,,,,,FT,,,,,,,,,,1320.0,,,,,,,,,,10.0,,,,,,,,,,10.0,,,,,,,,,,1.0,,,,,,,,,,3.0,,,,,,,,,,1.0,,,,,,,,,,1.0,,,,,,,,,,82.0,,,,,,,,,,M,,,,,,,,,,47,7,8,10,1015,155,133,128,,103,103,102,103
CD ,20250426,3,4,,1540,D,R,BUM,Alw 30000s,62000,30000.0,,80.44,,CERVARO DELLA SALA (GB);BOLT ON THE ROCKS;NEXT UP;ASK AMANDA;BEACH BUNNY;CREATIVE QUALITY;BIG DIG,CD ,3,TB,9,MCCUTCHEN JASON,0,0,0,0,CANNON DECLAN,,0,0,0,DEBORAH MCCUTCHEN,Red; white stripes; white bars on sleeves; red cap,,15.0,LOU ANNA,21,2,,B,124,FAST ANNA,MEDAGLIA D'ORO,LATEST THINKING,TALE OF THE CAT,Cave Brook Farm,KY,,20240904.0,20240824.0,20240803.0,20231208.0,20231112.0,20231026.0,20230908.0,20230831.0,20230720.0,20230527.0,CNL,CNL,CNL,TP,CD,KEE,CNL,CNL,CNL,CD,CNL,CNL,CNL,TP,CD,KEE,CNL,CNL,CNL,CD,1.0,7.0,1.0,5.0,3.0,4.0,2.0,3.0,9.0,3.0,FT,FM,FT,FT,FT,FT,FT,FT,FM,FT,1320.0,1870.0,1540.0,1320.0,1540.0,1540.0,1320.0,1540.0,1210.0,1100.0,9.0,8.0,6.0,8.0,7.0,12.0,5.0,9.0,9.0,9.0,2.0,7.0,1.0,4.0,3.0,9.0,5.0,9.0,5.0,6.0,1.0,7.0,4.0,8.0,2.0,4.0,2.0,5.0,3.0,5.0,2.0,6.0,4.0,7.0,2,10.0,3.0,7.0,5.0,8.0,1.0,8,3.0,7.0,1,11.0,2.0,1.0,5.0,4.0,1.0,8,4.0,7.0,1,10.0,2.0,3.0,7.0,4.0,78.0,67.0,79.0,72.0,75.0,53.0,64.0,70.0,63.0,65.0,C,A,A,AO,S,S,S,S,S,S,54,6,3,8,435,44,41,53,5000.0,105,104,107,107
CD ,20250426,3,5,,1540,D,R,BUM,Alw 30000s,62000,30000.0,,80.44,,CERVARO DELLA SALA (GB);BOLT ON THE ROCKS;NEXT UP;ASK AMANDA;BEACH BUNNY;CREATIVE QUALITY;BIG DIG,CD ,3,TB,9,BAHENA ISMAEL,0,0,0,0,CORRALES GERARDO,,0,0,0,ANDRES MOREIRA,Blue; blue 'IB' on white diamond; blue diamonds on white sleeves; blue cap,,20.0,ASK AMANDA,21,4,,B,124,SUMMER FRONT,WAR FRONT,PRIVY COUNCIL,MAJESTICPERFECTION,Brereton C Jones,KY,,20250326.0,20250315.0,20250222.0,20231025.0,20231001.0,,,,,,TP,TP,TP,KEE,LRL,,,,,,TP,TP,TP,KEE,LRL,,,,,,6.0,7.0,9.0,6.0,1.0,,,,,,FT,FT,FT,FM,TF,,,,,,1760.0,1760.0,1760.0,1870.0,1210.0,,,,,,8.0,9.0,8.0,9.0,10.0,,,,,,3.0,6.0,8.0,5.0,10.0,,,,,,2.0,4.0,2.0,5.0,8.0,,,,,,2.0,4.0,3.0,4.0,7,,,,,,2.0,2,3.0,4.0,2,,,,,,1.0,4,3.0,5.0,1,,,,,,78.0,68.0,76.0,66.0,77.0,,,,,,C,C,C,A,S,,,,,,120,9,11,11,570,94,66,58,5000.0,102,102,107,104
CD ,20250426,3,6,,1540,D,R,BUM,Alw 30000s,62000,30000.0,,80.44,,CERVARO DELLA SALA (GB);BOLT ON THE ROCKS;NEXT UP;ASK AMANDA;BEACH BUNNY;CREATIVE QUALITY;BIG DIG,CD ,3,TB,9,HABEEB DONALD J,0,0,0,0,MONCADA IRVING,5.0,0,0,0,GARY KENNEY JOSEPH SCHUTTE AND JOSEPH WE,Purple; gold star; gold stars on sleeves; gold cap,,15.0,BEACH BUNNY,21,4,,B,119,STREET SENSE,STREET CRY,BELLEOFTHEBEACH,MASTER COMMAND,Tommy Town Thoroughbreds LLC,KY,,20250410.0,20250116.0,20241121.0,20241031.0,20240929.0,20240914.0,20240727.0,20240629.0,,,KEE,TP,CD,CD,CD,CD,ELP,CD,,,KEE,TP,CD,CD,CD,CD,ELP,CD,,,3.0,7.0,8.0,1.0,4.0,2.0,4.0,4.0,,,MY,FT,FT,FT,GD,FT,FT,FT,,,1320.0,1320.0,1430.0,1320.0,1430.0,1320.0,1540.0,1320.0,,,7.0,9.0,9.0,6.0,7.0,11.0,10.0,11.0,,,6.0,6.0,9.0,1.0,4.0,7.0,2.0,10.0,,,6.0,8.0,2.0,4.0,3.0,2.0,7.0,6.0,,,7.0,8.0,6.0,1.0,2,2.0,3.0,3.0,,,5.0,6,2.0,1.0,2,4.0,3.0,6.0,,,4.0,8,2.0,1.0,4,6.0,2.0,7.0,,,73.0,58.0,75.0,82.0,68.0,67.0,72.0,60.0,,,R,A,C,M,M,M,M,S,,,37,5,7,4,280,41,26,37,,108,107,106,108
CD ,20250426,3,7,,1540,D,R,BUM,Alw 30000s,62000,30000.0,,80.44,,CERVARO DELLA SALA (GB);BOLT ON THE ROCKS;NEXT UP;ASK AMANDA;BEACH BUNNY;CREATIVE QUALITY;BIG DIG,CD ,3,TB,9,FOSTER ERIC,0,0,0,0,ORTIZ IRAD JR,,0,0,0,FOSTER FAMILY RACING DOUGLAS E MILLER WI,Yellow; red dots; red sleeves; yellow cap,,2.5,CREATIVE QUALITY,21,5,,CH,124,LORD NELSON,PULPIT,SWEET ALTERNATIVE,ALTERNATION,Brandywine Farm (Jim & Pam Robinson),KY,,20250329.0,20250307.0,20250213.0,20250130.0,20241201.0,20241101.0,20240929.0,20240315.0,20231229.0,20231202.0,TP,TP,TP,TP,CD,CD,CD,SA,SA,GG,TP,TP,TP,TP,CD,CD,CD,SA,SA,GG,2.0,3.0,7.0,8.0,2.0,2.0,4.0,3.0,8.0,8.0,FT,FT,FT,FT,FT,FT,GD,FT,FT,FT,1430.0,1320.0,1760.0,1320.0,1320.0,1320.0,1430.0,1320.0,1320.0,1320.0,11.0,6.0,8.0,12.0,7.0,7.0,7.0,6.0,11.0,8.0,9.0,4.0,5.0,8.0,2.0,4.0,2.0,4.0,4.0,2.0,9.0,1.0,2.0,9.0,7.0,5.0,5.0,4.0,4.0,7.0,9.0,4.0,2.0,8.0,7,2.0,1.0,2.0,7.0,6.0,7.0,3,6.0,9.0,7,1.0,1.0,3.0,11.0,4.0,4.0,2,5.0,7.0,7,1.0,1.0,3.0,10.0,4.0,77.0,81.0,71.0,69.0,69.0,85.0,79.0,69.0,50.0,71.0,C,C,C,AO,R,C,M,M,S,S,278,34,27,41,1549,327,267,211,10000.0,105,105,103,108
CD ,20250426,3,8,,1540,D,R,BUM,Alw 30000s,62000,30000.0,,80.44,,CERVARO DELLA SALA (GB);BOLT ON THE ROCKS;NEXT UP;ASK AMANDA;BEACH BUNNY;CREATIVE QUALITY;BIG DIG,CD ,3,TB,9,BAHENA ISMAEL,0,0,0,0,RODRIGUEZ WALTER A,,0,0,0,YEIMY PASTOR AND CHRISTIAN ARGUELLO,Blue; blue 'IB' on white diamond; blue diamonds on white sleeves; blue cap,,4.0,BIG DIG,20,2,,DKBBR,124,MOR SPIRIT,ESKENDEREYA,BOSTON MINE,MINESHAFT,Beau Lane,KY,,20250312.0,20250222.0,20250123.0,20241226.0,20241116.0,20241020.0,20241003.0,20240919.0,20240805.0,20240626.0,TP,TP,TP,TP,CD,KEE,IND,CD,ELP,IND,TP,TP,TP,TP,CD,KEE,IND,CD,ELP,IND,5.0,9.0,2.0,6.0,5.0,6.0,5.0,2.0,8.0,6.0,FT,FT,FT,FT,FM,FM,FT,FT,FM,SY,1760.0,1760.0,1760.0,1760.0,1870.0,1760.0,1870.0,1540.0,1760.0,1830.0,8.0,8.0,9.0,10.0,11.0,12.0,6.0,6.0,11.0,6.0,7.0,6.0,6.0,2.0,7.0,9.0,1.0,3.0,4.0,6.0,8.0,6.0,2.0,8.0,1.0,11.0,4.0,1.0,2.0,4.0,7.0,6.0,2.0,7.0,1,11.0,5.0,4.0,2.0,2.0,4.0,2,3.0,8.0,6,8.0,4.0,5.0,4.0,1.0,4.0,1,6.0,8.0,9,7.0,3.0,6.0,5.0,1.0,80.0,81.0,79.0,65.0,70.0,80.0,72.0,76.0,79.0,71.0,R,C,C,C,R,A,A,R,A,S,120,9,11,11,365,58,42,41,2500.0,101,100,101,101
CD ,20250426,4,1,,1320,D,A,BUM,Alw 127000n1x,127000,,,67.55, DAENTRIES 4TH CDX APRIL 26 6F G127000 0 BUM 6 FURLONGS DIRT THOROUGHBRED FILLIES AND MARES 3 YEAR OLDS AND UP ALLOWANCE PURSE $127000 (06:26) (7 ),OUR KEEPSAKE;LAURIE'S SECRET;SAM'S TREASURE;OUTRAGEOUSLY;TWIRL AROUND;SUNDANCE FEATURE;LORD I WONDER,CD ,4,TB,9,LUKAS D WAYNE,0,0,0,0,JUAREZ NIK,,0,0,0,D WAYNE LUKAS LAURIE LUKAS BRADY LUKAS D,Green; white dots; green cap,,4.5,OUR KEEPSAKE,21,3,,CH,124,CINCO CHARLIE,INDIAN CHARLIE,BECCAWHIT,ROMAN RULER,Ashley N Hillyard & Josh Hillyard,KY,,20250412.0,20250314.0,20241227.0,20241124.0,20241031.0,20240605.0,20240516.0,20240426.0,20240404.0,20240315.0,OP,OP,OP,CD,CD,CD,CD,OP,OP,OP,OP,OP,OP,CD,CD,CD,CD,OP,OP,OP,12.0,3.0,9.0,8.0,7.0,7.0,4.0,9.0,6.0,1.0,FT,FT,MY,FT,SY,FT,FM,FT,FT,SY,1320.0,1320.0,1320.0,1430.0,1320.0,1540.0,1100.0,1320.0,1320.0,1320.0,8.0,8.0,12.0,11.0,7.0,7.0,11.0,6.0,7.0,6.0,8.0,4.0,6.0,7.0,5.0,5.0,5.0,5.0,2.0,3.0,5.0,5.0,8.0,3.0,3.0,4.0,9.0,2.0,2.0,3.0,6.0,3.0,9.0,3.0,4,5.0,11.0,5.0,3.0,4.0,3.0,2,9.0,8.0,6,4.0,8.0,3.0,2.0,3.0,4.0,2,9.0,8.0,7,4.0,6.0,3.0,2.0,2.0,86.0,93.0,76.0,74.0,62.0,78.0,78.0,82.0,83.0,84.0,AO,R,A,A,A,A,A,A,AO,CO,266,24,31,24,313,30,32,39,,100,101,97,103
CD ,20250426,4,2,,1320,D,A,BUM,Alw 127000n1x,127000,,,67.55,,OUR KEEPSAKE;LAURIE'S SECRET;SAM'S TREASURE;OUTRAGEOUSLY;TWIRL AROUND;SUNDANCE FEATURE;LORD I WONDER,CD ,4,TB,9,STEWART DALLAS,0,0,0,0,HERNANDEZ B J JR,,0,0,0,WILLIS HORTON RACING LLC ,White; white 'H' on black ball; black bars on sleeves; black cap,,15.0,LAURIE'S SECRET,21,4,,B,124,HARD SPUN,DANZIG,GIRLS SECRET,GIANT'S CAUSEWAY,Willis Horton Racing LLC,KY,,20250223.0,20250118.0,20231215.0,20231028.0,,,,,,,OP,OP,RP,RP,,,,,,,OP,OP,RP,RP,,,,,,,3.0,10.0,7.0,10.0,,,,,,,FT,FT,MY,SY,,,,,,,1320.0,1320.0,1760.0,1320.0,,,,,,,10.0,12.0,8.0,11.0,,,,,,,4.0,9.0,4.0,7.0,,,,,,,8.0,7.0,2.0,4.0,,,,,,,9.0,9.0,2.0,2.0,,,,,,,9.0,12,8.0,1.0,,,,,,,8.0,12,8.0,1.0,,,,,,,66.0,46.0,49.0,73.0,,,,,,,A,A,N,S,,,,,,,236,29,32,33,795,125,94,89,,108,108,107,107
CD ,20250426,4,3,,1320,D,A,BUM,Alw 127000n1x,127000,,,67.55,,OUR KEEPSAKE;LAURIE'S SECRET;SAM'S TREASURE;OUTRAGEOUSLY;TWIRL AROUND;SUNDANCE FEATURE;LORD I WONDER,CD ,4,TB,9,WARD WESLEY A,0,0,0,0,ROSARIO JOEL,,0,0,0,BREEZE EASY LLC ,Gold; gold 'BE' on navy ball; gold and navy vertically halved sleeves; gold cap,,3.0,SAM'S TREASURE,21,1,,B,124,MUNNINGS,SPEIGHTSTOWN,MALIBU TREASURE,MALIBU MOON,Baron Thoroughbreds LLC,KY,,20240829.0,20240719.0,20240607.0,20240405.0,20230914.0,20230723.0,20230511.0,,,,KD,SAR,SAR,KEE,CD,SAR,BEL,,,,KD,SAR,SAR,KEE,CD,SAR,BEL,,,,9.0,8.0,7.0,7.0,6.0,6.0,1.0,,,,FM,FT,FT,FT,FT,FT,FM,,,,1430.0,1320.0,1320.0,1430.0,1430.0,1320.0,1100.0,,,,12.0,9.0,8.0,8.0,8.0,10.0,7.0,,,,10.0,4.0,6.0,3.0,1.0,9.0,1.0,,,,8.0,4.0,3.0,7.0,7.0,5.0,2.0,,,,10.0,5.0,4.0,1.0,4,2.0,2.0,,,,12.0,4,3.0,1.0,1,1.0,2.0,,,,11.0,4,3.0,2.0,2,1.0,2.0,,,,67.0,93.0,91.0,93.0,86.0,89.0,77.0,,,,A,A,A,AO,AO,S,S,,,,356,95,54,51,730,115,115,101,65000.0,108,108,107,110
CD ,20250426,4,4,,1320,D,A,BUM,Alw 127000n1x,127000,,,67.55,,OUR KEEPSAKE;LAURIE'S SECRET;SAM'S TREASURE;OUTRAGEOUSLY;TWIRL AROUND;SUNDANCE FEATURE;LORD I WONDER,CD ,4,TB,9,BLAIR JORDAN,0,0,0,0,MACHADO LUAN,,0,0,0,CRAIG PEERENBOOM,Blue; white horse emblem and 'PRS'; white sleeves; blue cap,,12.0,OUTRAGEOUSLY,21,3,,B,124,PRACTICAL JOKE,INTO MISCHIEF,OUTRAGEOUS MISS,BERNARDINI,Robert E Hibbert II,KY,,20250308.0,20250105.0,20241201.0,20241103.0,20240430.0,20240320.0,20240222.0,20240117.0,,,OP,OP,CD,CD,CD,TP,TP,TP,,,OP,OP,CD,CD,CD,TP,TP,TP,,,9.0,7.0,2.0,3.0,6.0,1.0,2.0,1.0,,,FT,MY,FT,FT,FT,FT,FT,FT,,,1320.0,1760.0,1320.0,1540.0,1760.0,1760.0,1760.0,1210.0,,,10.0,12.0,7.0,10.0,7.0,8.0,8.0,9.0,,,5.0,4.0,6.0,2.0,5.0,8.0,2.0,6.0,,,2.0,3.0,1.0,4.0,4.0,4.0,1.0,3.0,,,3.0,3.0,2.0,3.0,7,4.0,1.0,2.0,,,2.0,4,1.0,1.0,6,2.0,2.0,4.0,,,4.0,6,1.0,1.0,6,1.0,6.0,5.0,,,83.0,73.0,89.0,86.0,41.0,68.0,59.0,57.0,,,A,A,R,C,C,M,M,M,,,146,28,17,19,1015,155,133,128,75000.0,112,112,111,114
CD ,20250426,4,5,,1320,D,A,BUM,Alw 127000n1x,127000,,,67.55,,OUR KEEPSAKE;LAURIE'S SECRET;SAM'S TREASURE;OUTRAGEOUSLY;TWIRL AROUND;SUNDANCE FEATURE;LORD I WONDER,CD ,4,TB,9,FOLEY GREG,0,0,0,0,ORTIZ IRAD JR,,0,0,0,DONAMIRE FARM ,White; black circled 'DM'; black yoke; white bars on black sleeves; white cap,,3.5,TWIRL AROUND,21,3,,DKBBR,124,TWIRLING CANDY,CANDY RIDE,WILLOW HILLS,DISTORTED HUMOR,Donamire Farm,KY,,20240824.0,20240706.0,20240516.0,20240420.0,20240126.0,20231223.0,20231111.0,20231006.0,,,ELP,ELP,CD,KEE,FG,FG,CD,KEE,,,ELP,ELP,CD,KEE,FG,FG,CD,KEE,,,6.0,8.0,4.0,4.0,8.0,7.0,5.0,2.0,,,FM,FM,FM,TF,SY,FT,FT,FT,,,1760.0,1210.0,1100.0,1210.0,1210.0,1320.0,1210.0,1320.0,,,8.0,12.0,11.0,12.0,8.0,7.0,9.0,12.0,,,7.0,3.0,7.0,4.0,6.0,4.0,8.0,4.0,,,3.0,3.0,3.0,1.0,3.0,2.0,6.0,11.0,,,3.0,3.0,5.0,4.0,2,5.0,1.0,7.0,,,3.0,5,3.0,3.0,2,2.0,1.0,7.0,,,5.0,7,4.0,2.0,2,4.0,1.0,6.0,,,80.0,75.0,81.0,87.0,84.0,79.0,86.0,72.0,,,A,N,A,A,AO,N,S,S,,,260,38,33,37,1549,327,267,211,,109,109,110,110
CD ,20250426,4,6,,1320,D,A,BUM,Alw 127000n1x,127000,,,67.55,,OUR KEEPSAKE;LAURIE'S SECRET;SAM'S TREASURE;OUTRAGEOUSLY;TWIRL AROUND;SUNDANCE FEATURE;LORD I WONDER,CD ,4,TB,9,DRURY THOMAS JR,0,0,0,0,SAEZ LUIS,,0,0,0,BRUCE LUNSFORD,Black; cerise sash; cerise stripes on sleeves; black cap,,2.0,SUNDANCE FEATURE,20,2,,CH,124,SPEIGHTSTOWN,GONE WEST,KINSEY,DELAWARE TOWNSHIP,Royal Oak Farm & Speightstown Syndicate,KY,,20240605.0,20240503.0,20240328.0,,,,,,,,CD,CD,TP,,,,,,,,CD,CD,TP,,,,,,,,7.0,1.0,5.0,,,,,,,,FT,SY,FT,,,,,,,,1540.0,1430.0,1320.0,,,,,,,,7.0,9.0,11.0,,,,,,,,3.0,3.0,3.0,,,,,,,,3.0,1.0,6.0,,,,,,,,3.0,2.0,2.0,,,,,,,,2.0,1,2.0,,,,,,,,2.0,1,2.0,,,,,,,,90.0,102.0,81.0,,,,,,,,A,S,S,,,,,,,,221,39,49,23,1443,235,213,182,80000.0,111,111,111,112
CD ,20250426,4,7,,1320,D,A,BUM,Alw 127000n1x,127000,,,67.55,,OUR KEEPSAKE;LAURIE'S SECRET;SAM'S TREASURE;OUTRAGEOUSLY;TWIRL AROUND;SUNDANCE FEATURE;LORD I WONDER,CD ,4,TB,9,STALL ALBERT M JR,0,0,0,0,GEROUX FLORENT,,0,0,0,BAL MAR EQUINE LLC ,Royal blue; aquamarine chevron; aquamarine sleeves; royal blue cap,,6.0,LORD I WONDER,21,2,,B,124,TWIRLING CANDY,CANDY RIDE,PREVIOUS,EMPIRE MAKER,Bloodstock Investments VIII,KY,,20250202.0,20250102.0,20241121.0,20241004.0,20240814.0,20240712.0,,,,,FG,FG,CD,KEE,SAR,SAR,,,,,FG,FG,CD,KEE,SAR,SAR,,,,,7.0,7.0,10.0,3.0,4.0,1.0,,,,,FM,FT,FT,FT,FT,FT,,,,,-1210.0,1320.0,1430.0,-1540.0,1760.0,1540.0,,,,,10.0,8.0,9.0,11.0,6.0,6.0,,,,,2.0,2.0,5.0,5.0,1.0,1.0,,,,,10.0,7.0,1.0,2.0,3.0,6.0,,,,,7.0,6.0,1.0,1.0,3,4.0,,,,,4.0,7,1.0,2.0,4,4.0,,,,,3.0,7,1.0,2.0,4,2.0,,,,,79.0,74.0,87.0,87.0,71.0,77.0,,,,,A,A,S,S,S,S,,,,,211,35,28,29,651,123,105,86,60000.0,109,110,111,110
CD ,20250426,5,1,,1870,D,C,BUN,Clm 20000b,58000,20000.0,20000.0,101.04, DCENTRIES 5TH CDX APRIL 26 8.5F I58000 20000 0 BUN 1 1/16 MILES DIRT THOROUGHBRED OPEN 3 YEAR OLDS AND UP CLAIMING 20000-ALL PURSE $58000 (06:57) (9 ),REDFIELD;MUCHO MOJO;OUR DREAM RYE'D;CAROLO RAPIDO;PATROLMAN;FORGE IN FIRE;EVENING NEWS;CRIMINAL DEFENSE;SUCCESSION GOLD,CD ,5,TB,9,WATKINS JAMES M,0,0,0,0,MCKEE J,,0,0,0,THOMAS J BASLER AND DENNIS POHL,Blue; white diamonds; blue cap,,15.0,REDFIELD,21,5,,B,125,WEST COAST,FLATTER,SINGLET,REAL QUIET,Shortleaf Stable,KY,,20250315.0,20241218.0,20241102.0,20241019.0,20241005.0,20240914.0,20240827.0,20240728.0,20240504.0,20240323.0,TP,TP,FAN,FAN,FAN,FAN,FAN,ELP,OP,OP,TP,TP,FAN,FAN,FAN,FAN,FAN,ELP,OP,OP,9.0,4.0,8.0,1.0,5.0,4.0,7.0,3.0,3.0,7.0,FT,FT,FT,FT,FT,FT,FT,FT,FT,FT,1320.0,1430.0,1760.0,1760.0,1320.0,1760.0,1320.0,1760.0,1760.0,1870.0,8.0,10.0,8.0,5.0,9.0,5.0,8.0,10.0,10.0,10.0,2.0,8.0,6.0,3.0,3.0,3.0,7.0,9.0,3.0,1.0,4.0,10.0,6.0,3.0,5.0,3.0,4.0,10.0,4.0,2.0,3.0,10.0,6.0,4.0,5,3.0,4.0,9.0,8.0,3.0,5.0,7,4.0,3.0,8,3.0,2.0,3.0,10.0,8.0,4.0,4,4.0,3.0,6,1.0,2.0,2.0,10.0,8.0,78.0,84.0,69.0,80.0,67.0,69.0,75.0,68.0,47.0,67.0,C,C,AO,AO,AO,AO,AO,C,C,C,195,43,28,26,358,86,67,43,,101,102,105,102
CD ,20250426,5,2,,1870,D,C,BUN,Clm 20000b,58000,20000.0,20000.0,101.04,,REDFIELD;MUCHO MOJO;OUR DREAM RYE'D;CAROLO RAPIDO;PATROLMAN;FORGE IN FIRE;EVENING NEWS;CRIMINAL DEFENSE;SUCCESSION GOLD,CD ,5,TB,9,BLAIR JORDAN,0,0,0,0,SAEZ LUIS,,0,0,0,CRAIG PEERENBOOM,Blue; white horse emblem and 'PRS'; white sleeves; blue cap,,4.0,MUCHO MOJO,19,3,,B,125,MUCHO MACHO MAN,MACHO UNO,HARISSA,AFLEET ALEX,WinStar Farm LLC,KY,,20250329.0,20250227.0,20250208.0,20241007.0,20240912.0,20240628.0,20240525.0,20240502.0,20240323.0,20240301.0,TP,TP,TP,IND,CD,CD,CD,CD,TP,TP,TP,TP,TP,IND,CD,CD,CD,CD,TP,TP,7.0,7.0,6.0,8.0,2.0,2.0,8.0,12.0,6.0,9.0,FT,FT,FT,FM,FT,FT,FT,FT,FT,FT,1760.0,1760.0,1760.0,1760.0,1870.0,1870.0,1540.0,1760.0,1760.0,1760.0,10.0,9.0,8.0,12.0,6.0,7.0,8.0,8.0,12.0,12.0,4.0,6.0,6.0,6.0,4.0,3.0,4.0,2.0,5.0,12.0,5.0,8.0,5.0,9.0,4.0,4.0,3.0,2.0,9.0,8.0,4.0,9.0,5.0,8.0,3,3.0,5.0,2.0,9.0,6.0,7.0,5,7.0,4.0,3,2.0,8.0,2.0,11.0,2.0,9.0,3,6.0,2.0,4,2.0,8.0,4.0,11.0,3.0,77.0,84.0,73.0,80.0,85.0,79.0,62.0,79.0,75.0,79.0,C,C,AO,A,R,C,R,C,AO,AO,146,28,17,19,1443,235,213,182,3127.0,102,102,105,103
CD ,20250426,5,3,,1870,D,C,BUN,Clm 20000b,58000,20000.0,20000.0,101.04,,REDFIELD;MUCHO MOJO;OUR DREAM RYE'D;CAROLO RAPIDO;PATROLMAN;FORGE IN FIRE;EVENING NEWS;CRIMINAL DEFENSE;SUCCESSION GOLD,CD ,5,TB,9,ASMUSSEN STEVEN M,0,0,0,0,ORTIZ JOSE L,,0,0,0,STEVEN M ASMUSSEN,Royal blue and white halves; royal blue and white halved sleeves; white cap,,5.0,OUR DREAM RYE'D,20,3,,DKBBR,125,MORE THAN READY,SOUTHERN HALO,ON THE TRAIL,BERNARDINI,Fred W Hertrich III & John D Fielding,KY,,20250404.0,20250124.0,20241226.0,20241212.0,20241111.0,20240922.0,20240818.0,20240721.0,20240704.0,20240527.0,OP,OP,TP,TP,IND,CD,ELP,ELP,ELP,CD,OP,OP,TP,TP,IND,CD,ELP,ELP,ELP,CD,8.0,9.0,4.0,8.0,9.0,4.0,8.0,6.0,8.0,1.0,SY,FT,FT,FT,FT,FT,FM,FT,MY,FT,1870.0,1870.0,1760.0,1760.0,1830.0,1870.0,1760.0,1760.0,1760.0,1870.0,9.0,10.0,9.0,9.0,8.0,7.0,8.0,12.0,9.0,5.0,9.0,2.0,8.0,3.0,8.0,7.0,3.0,12.0,3.0,5.0,9.0,8.0,5.0,7.0,6.0,5.0,7.0,5.0,3.0,3.0,8.0,10.0,5.0,7.0,5,4.0,8.0,6.0,3.0,3.0,9.0,10,4.0,6.0,4,5.0,4.0,11.0,2.0,4.0,9.0,10,3.0,5.0,5,5.0,3.0,11.0,2.0,4.0,59.0,61.0,80.0,72.0,77.0,79.0,73.0,68.0,88.0,85.0,C,CO,C,C,AO,C,A,A,A,C,2288,407,344,302,1362,277,168,182,50000.0,109,109,112,108
CD ,20250426,5,4,,1870,D,C,BUN,Clm 20000b,58000,20000.0,20000.0,101.04,,REDFIELD;MUCHO MOJO;OUR DREAM RYE'D;CAROLO RAPIDO;PATROLMAN;FORGE IN FIRE;EVENING NEWS;CRIMINAL DEFENSE;SUCCESSION GOLD,CD ,5,TB,9,MAKER MICHAEL J,0,0,0,0,MACHADO LUAN,,0,0,0,PARADISE FARMS CORP AND DAVID STAUDACHER,Cerise; cerise 'DS' on black ball; black bars on sleeves; cerise cap,,2.5,CAROLO RAPIDO,21,5,,B,125,CURLIN,SMART STRIKE,CATHRYN SOPHIA,STREET BOSS,Don Alberto Corporation & BridlewoodFarm,KY,,20250322.0,20250125.0,20250105.0,20241024.0,20240914.0,20240728.0,20240630.0,20240601.0,20240420.0,20240322.0,OP,OP,OP,KEE,LAD,ELP,CD,MTH,LRL,LRL,OP,OP,OP,KEE,LAD,ELP,CD,MTH,LRL,LRL,6.0,6.0,5.0,7.0,7.0,5.0,7.0,10.0,10.0,3.0,FT,FT,MY,FT,FT,FT,FT,FT,FT,FT,1870.0,1980.0,1870.0,1980.0,1980.0,1980.0,1980.0,1830.0,1980.0,1870.0,8.0,8.0,9.0,9.0,10.0,7.0,10.0,11.0,10.0,7.0,4.0,7.0,9.0,4.0,7.0,2.0,8.0,11.0,8.0,2.0,8.0,5.0,7.0,7.0,10.0,7.0,10.0,9.0,7.0,3.0,8.0,5.0,7.0,7.0,10,6.0,10.0,8.0,9.0,3.0,4.0,7,4.0,9.0,7,3.0,6.0,3.0,5.0,2.0,4.0,8,3.0,9.0,6,1.0,4.0,3.0,4.0,1.0,85.0,73.0,89.0,53.0,82.0,91.0,94.0,87.0,93.0,89.0,C,N,AO,AO,N,A,AO,AO,N,S,1320,197,181,177,1015,155,133,128,225000.0,110,110,110,110
CD ,20250426,5,5,,1870,D,C,BUN,Clm 20000b,58000,20000.0,20000.0,101.04,,REDFIELD;MUCHO MOJO;OUR DREAM RYE'D;CAROLO RAPIDO;PATROLMAN;FORGE IN FIRE;EVENING NEWS;CRIMINAL DEFENSE;SUCCESSION GOLD,CD ,5,TB,9,ESQUIVEL JESUS,0,0,0,0,BESCHIZZA ADAM,,0,0,0,TEC RACING ,Royal blue; white 'L' in horseshoe; white blocks on sleeves; royal blue cap,,8.0,PATROLMAN,19,3,,DKBBR,125,EMPIRE MAKER,UNBRIDLED,SUPER SHARP,SUPER SAVER,Gary & Mary West Stables Inc,KY,,20250328.0,20250308.0,20250124.0,20241116.0,20241020.0,20240929.0,20240913.0,20240824.0,20240615.0,20240523.0,TP,TP,TP,WO,WO,WO,WO,WO,CD,CD,TP,TP,TP,WO,WO,WO,WO,WO,CD,CD,4.0,3.0,8.0,12.0,2.0,1.0,3.0,4.0,4.0,7.0,FT,FT,FT,FT,FT,TF,FT,FM,FT,SY,1760.0,1760.0,1760.0,1870.0,1870.0,1760.0,1870.0,1760.0,1870.0,1980.0,11.0,6.0,12.0,11.0,9.0,7.0,7.0,10.0,8.0,9.0,5.0,4.0,10.0,2.0,4.0,5.0,3.0,10.0,1.0,7.0,11.0,6.0,6.0,7.0,8.0,5.0,4.0,10.0,8.0,8.0,9.0,6.0,6.0,9.0,7,5.0,5.0,10.0,8.0,8.0,5.0,3,5.0,8.0,4,5.0,3.0,4.0,8.0,6.0,5.0,2,4.0,6.0,1,4.0,2.0,2.0,8.0,4.0,78.0,82.0,82.0,76.0,77.0,76.0,80.0,78.0,63.0,74.0,C,C,C,C,C,C,C,C,C,C,177,22,16,22,474,54,57,51,,110,111,109,111
CD ,20250426,5,6,,1870,D,C,BUN,Clm 20000b,58000,20000.0,20000.0,101.04,,REDFIELD;MUCHO MOJO;OUR DREAM RYE'D;CAROLO RAPIDO;PATROLMAN;FORGE IN FIRE;EVENING NEWS;CRIMINAL DEFENSE;SUCCESSION GOLD,CD ,5,TB,9,BAHENA ISMAEL,0,0,0,0,CORRALES GERARDO,,0,0,0,ODILIA CASTILLO,White; multicolored eagle; black bars on sleeves; white and black quartered cap,,3.5,FORGE IN FIRE,20,2,,CH,125,KANTHAROS,LION HEART,CHOIR,PULPIT,Jack Swain III,KY,,20250206.0,20241212.0,20241116.0,20241018.0,20240926.0,20240826.0,20240805.0,20240525.0,20240501.0,20240414.0,TP,TP,CD,KEE,CD,ELP,ELP,CD,CD,KEE,TP,TP,CD,KEE,CD,ELP,ELP,CD,CD,KEE,2.0,8.0,9.0,5.0,8.0,4.0,4.0,2.0,4.0,2.0,FT,FT,FT,FT,FT,FM,FT,FT,FT,FT,1760.0,1760.0,1540.0,1980.0,1760.0,1870.0,1760.0,1870.0,1320.0,-1540.0,7.0,9.0,12.0,10.0,9.0,10.0,7.0,8.0,7.0,7.0,5.0,9.0,12.0,6.0,7.0,4.0,5.0,5.0,1.0,2.0,3.0,3.0,1.0,2.0,1.0,1.0,1.0,1.0,3.0,1.0,3.0,3.0,1.0,2.0,3,1.0,2.0,1.0,7.0,2.0,4.0,2,6.0,2.0,1,7.0,4.0,1.0,5.0,6.0,5.0,4,8.0,4.0,1,10.0,5.0,2.0,3.0,6.0,72.0,73.0,84.0,82.0,83.0,70.0,74.0,79.0,72.0,42.0,C,C,R,R,C,C,C,C,C,C,120,9,11,11,570,94,66,58,12500.0,107,108,107,105
CD ,20250426,5,7,,1870,D,C,BUN,Clm 20000b,58000,20000.0,20000.0,101.04,,REDFIELD;MUCHO MOJO;OUR DREAM RYE'D;CAROLO RAPIDO;PATROLMAN;FORGE IN FIRE;EVENING NEWS;CRIMINAL DEFENSE;SUCCESSION GOLD,CD ,5,TB,9,SPICER JAMES T,0,0,0,0,NAVAS YOEL,,0,0,0,JAMES SPICER,Grey; black 'TS' on blue block; blue blocks on sleeves; grey cap,,5.0,EVENING NEWS,21,5,,DKBBR,125,NYQUIST,UNCLE MO,PRIETA,BERNARDINI,Charles H Deters,KY,,20250328.0,20250206.0,20250117.0,20240914.0,20240714.0,20240601.0,20240511.0,20240406.0,20240308.0,20240210.0,TP,TP,TP,MTH,MTH,MTH,MTH,AQU,TP,TP,TP,TP,TP,MTH,MTH,MTH,MTH,AQU,TP,TP,4.0,2.0,9.0,9.0,9.0,11.0,7.0,10.0,9.0,6.0,FT,FT,FT,FM,FM,FM,FT,FT,FT,FT,1760.0,1760.0,1320.0,1870.0,-1210.0,1760.0,1830.0,1980.0,1760.0,1760.0,11.0,7.0,5.0,11.0,7.0,8.0,7.0,12.0,10.0,7.0,9.0,4.0,3.0,11.0,2.0,8.0,7.0,5.0,3.0,4.0,1.0,1.0,3.0,7.0,4.0,1.0,2.0,1.0,1.0,1.0,1.0,1.0,5.0,9.0,6,1.0,3.0,1.0,1.0,1.0,1.0,3,5.0,9.0,6,6.0,5.0,6.0,1.0,1.0,3.0,4,5.0,8.0,6,6.0,6.0,9.0,1.0,2.0,81.0,72.0,62.0,71.0,71.0,76.0,75.0,77.0,87.0,88.0,C,C,A,AO,AO,N,N,G2,A,AO,11,0,0,1,237,32,29,35,175000.0,113,113,113,114
CD ,20250426,5,8,,1870,D,C,BUN,Clm 20000b,58000,20000.0,20000.0,101.04,,REDFIELD;MUCHO MOJO;OUR DREAM RYE'D;CAROLO RAPIDO;PATROLMAN;FORGE IN FIRE;EVENING NEWS;CRIMINAL DEFENSE;SUCCESSION GOLD,CD ,5,TB,9,BARNETT BOBBY C,0,0,0,0,GRAHAM J,,0,0,0,DEBBIE M BARNETT,White; red 'BB'; red emblem; white cap,,20.0,CRIMINAL DEFENSE,17,4,,DKBBR,125,TEMPLE CITY,DYNAFORMER,LAWYER BROCKMEYER,LAWYER RON,Silver Springs Stud LLC,KY,,20250416.0,20250321.0,20250228.0,20250208.0,20241229.0,20241127.0,20241110.0,20241022.0,20240929.0,20240910.0,KEE,FG,FG,FG,FG,CD,CD,IND,CD,IND,KEE,FG,FG,FG,FG,CD,CD,IND,CD,IND,4.0,4.0,4.0,7.0,2.0,6.0,1.0,6.0,7.0,6.0,FT,FT,FT,FT,FT,FT,SY,FM,FT,FM,1540.0,1320.0,1320.0,1320.0,1320.0,1760.0,1870.0,1870.0,1540.0,1870.0,11.0,8.0,7.0,7.0,7.0,8.0,6.0,10.0,6.0,8.0,3.0,3.0,1.0,1.0,4.0,2.0,2.0,3.0,5.0,1.0,8.0,8.0,7.0,6.0,5.0,8.0,5.0,9.0,4.0,8.0,9.0,8.0,7.0,7.0,7,8.0,6.0,10.0,5.0,8.0,6.0,8,7.0,7.0,7,8.0,6.0,8.0,5.0,8.0,5.0,6,4.0,3.0,7,8.0,6.0,10.0,5.0,5.0,72.0,68.0,64.0,71.0,53.0,60.0,57.0,68.0,73.0,68.0,C,C,C,C,C,C,C,C,C,C,49,1,4,3,484,39,62,60,,100,100,104,100
CD ,20250426,5,9,,1870,D,C,BUN,Clm 20000b,58000,20000.0,20000.0,101.04,,REDFIELD;MUCHO MOJO;OUR DREAM RYE'D;CAROLO RAPIDO;PATROLMAN;FORGE IN FIRE;EVENING NEWS;CRIMINAL DEFENSE;SUCCESSION GOLD,CD ,5,TB,9,ORANTES JOSE,0,0,0,0,HERNANDEZ JANN N,,0,0,0,MANUEL ORANTES,Royal blue; multicolored eagle; black bars on sleeves; royal blue and black quartered cap,,20.0,SUCCESSION GOLD,21,5,,DKBBR,125,ALWAYS DREAMING,BODEMEISTER,PURA CLASSE,GRAND SLAM,Brownwood Farm (KY),KY,,20250320.0,20250201.0,20250117.0,20241220.0,20241003.0,20240905.0,20240822.0,20240801.0,20240627.0,20240529.0,TP,TP,TP,TP,BTP,BTP,IND,BTP,IND,IND,TP,TP,TP,TP,BTP,BTP,IND,BTP,IND,IND,3.0,10.0,6.0,2.0,5.0,1.0,6.0,5.0,4.0,7.0,FT,FT,FT,FT,FT,FT,FM,SY,FT,TF,1760.0,1760.0,1760.0,1870.0,1760.0,1760.0,1760.0,1870.0,1830.0,1870.0,9.0,12.0,12.0,11.0,7.0,6.0,10.0,5.0,6.0,9.0,1.0,4.0,8.0,5.0,5.0,6.0,2.0,2.0,3.0,9.0,7.0,5.0,4.0,7.0,7.0,4.0,7.0,2.0,4.0,4.0,8.0,4.0,3.0,7.0,5,3.0,7.0,2.0,3.0,4.0,3.0,7,3.0,1.0,5,1.0,7.0,1.0,6.0,5.0,2.0,8,3.0,2.0,6,1.0,9.0,1.0,6.0,6.0,77.0,56.0,74.0,81.0,60.0,74.0,62.0,73.0,57.0,61.0,C,C,C,C,C,C,C,S,S,S,1,0,1,0,1,0,1,0,5000.0,100,101,102,100
CD ,20250426,6,1,,1430,D,M,BUN,Md 50000,67000,50000.0,50000.0,74.34, DMENTRIES 6TH CDX APRIL 26 6.5F L67000 50000 0 BUN 6 1/2 FURLONGS DIRT THOROUGHBRED OPEN 3 YEAR OLDS AND UP MAIDEN CLAIMING 50000-ALL PURSE $67000 (08:04) (12),POP PAUL;SHADOW COAST;HOLSTER;TAPAKENA;LEMON SOHN;SKYNET;DEMAND;TUN TAVERN;DAIQUIRI SOMMELIER;SINISTER SMILE;CLASSY WAR;STRATEGIST,CD ,6,TB,9,HESS R B JR,0,0,0,0,LEPAROUX JULIEN R,,0,0,0,WHITE FENCE LLC LARRY S BUCKENDORF AND T,Navy; gold circled kelly green shamrock; gold cap,,15.0,POP PAUL,22,4,,CH,118,DAREDEVIL,MORE THAN READY,VERNA LEA,SUPER SAVER,D C Goff,KY,,20250105.0,,,,,,,,,,SA,,,,,,,,,,SA,,,,,,,,,,6.0,,,,,,,,,,FM,,,,,,,,,,1320.0,,,,,,,,,,9.0,,,,,,,,,,8.0,,,,,,,,,,6.0,,,,,,,,,,7.0,,,,,,,,,,9.0,,,,,,,,,,9.0,,,,,,,,,,60.0,,,,,,,,,,S,,,,,,,,,,276,26,29,37,433,41,61,46,15000.0,104,105,104,103
CD ,20250426,6,2,,1430,D,M,BUN,Md 50000,67000,50000.0,50000.0,74.34,,POP PAUL;SHADOW COAST;HOLSTER;TAPAKENA;LEMON SOHN;SKYNET;DEMAND;TUN TAVERN;DAIQUIRI SOMMELIER;SINISTER SMILE;CLASSY WAR;STRATEGIST,CD ,6,TB,9,STEWART DALLAS,0,0,0,0,SAEZ LUIS,,0,0,0,VALENE FARMS LLC ,Gold; black triangular panel; gold and red quartered sleeves; gold cap,,5.0,SHADOW COAST,22,4,,B,118,WEST COAST,FLATTER,OVERPREPARED,QUALITY ROAD,Woodford Thoroughbreds LLC,KY,,20250312.0,20250215.0,20250118.0,20241226.0,20241116.0,,,,,,FG,FG,FG,FG,CD,,,,,,FG,FG,FG,FG,CD,,,,,,6.0,7.0,7.0,8.0,3.0,,,,,,FT,FT,SY,FT,FT,,,,,,1870.0,1320.0,1870.0,1320.0,1320.0,,,,,,10.0,9.0,9.0,10.0,12.0,,,,,,10.0,3.0,2.0,10.0,6.0,,,,,,1.0,2.0,2.0,7.0,8.0,,,,,,1.0,2.0,2.0,5.0,K,,,,,,4.0,4,8.0,4.0,K,,,,,,5.0,6,9.0,5.0,K,,,,,,85.0,70.0,46.0,77.0,,,,,,,S,S,S,S,S,,,,,,236,29,32,33,1443,235,213,182,5000.0,103,104,104,103
CD ,20250426,6,3,,1430,D,M,BUN,Md 50000,67000,50000.0,50000.0,74.34,,POP PAUL;SHADOW COAST;HOLSTER;TAPAKENA;LEMON SOHN;SKYNET;DEMAND;TUN TAVERN;DAIQUIRI SOMMELIER;SINISTER SMILE;CLASSY WAR;STRATEGIST,CD ,6,TB,9,JOHNSTON LANE D,0,0,0,0,SAEZ GABRIEL,,0,0,0,TOM D ADAMS,Black; white diamond framed 'LJ'; black cap,,4.5,HOLSTER,21,3,,DKBBR,125,GUN RUNNER,CANDY RIDE,CLASSY DANCER,SPEIGHTSTOWN,Andrew N Warren,KY,,20250413.0,20250302.0,20250205.0,20250115.0,20241227.0,20241123.0,20240920.0,20240818.0,,,KEE,OP,TP,TP,TP,CD,CD,ELP,,,KEE,OP,TP,TP,TP,CD,CD,ELP,,,5.0,5.0,9.0,6.0,2.0,4.0,10.0,7.0,,,FT,FT,FT,FT,FT,FT,FT,FT,,,1540.0,1320.0,1760.0,1320.0,1760.0,1320.0,1540.0,1320.0,,,9.0,7.0,11.0,8.0,12.0,11.0,9.0,8.0,,,3.0,2.0,5.0,5.0,2.0,9.0,2.0,8.0,,,4.0,1.0,6.0,1.0,2.0,7.0,4.0,3.0,,,3.0,1.0,6.0,1.0,3,6.0,6.0,7.0,,,3.0,1,5.0,1.0,3,4.0,7.0,7.0,,,3.0,3,7.0,3.0,5,5.0,6.0,7.0,,,86.0,77.0,71.0,82.0,74.0,81.0,76.0,68.0,,,M,MO,S,S,M,M,M,S,,,111,17,15,16,252,16,17,19,250000.0,115,115,115,116
CD ,20250426,6,4,,1430,D,M,BUN,Md 50000,67000,50000.0,50000.0,74.34,,POP PAUL;SHADOW COAST;HOLSTER;TAPAKENA;LEMON SOHN;SKYNET;DEMAND;TUN TAVERN;DAIQUIRI SOMMELIER;SINISTER SMILE;CLASSY WAR;STRATEGIST,CD ,6,TB,9,LYNCH BRIAN A,0,0,0,0,MONCADA IRVING,5.0,0,0,0,WALMAC FARM ,White; blue bars on sleeves; white cap,,4.0,TAPAKENA,21,3,,B,120,TAPIT,PULPIT,MAKENA,PIONEEROF THE NILE,Gary Broad - Walmac Farm LLC,KY,,20250323.0,20240406.0,20240302.0,20240127.0,,,,,,,GP,KEE,GP,GP,,,,,,,GP,KEE,GP,GP,,,,,,,10.0,5.0,2.0,2.0,,,,,,,FM,TF,FT,FT,,,,,,,1650.0,2090.0,1540.0,1540.0,,,,,,,10.0,12.0,9.0,11.0,,,,,,,1.0,10.0,3.0,10.0,,,,,,,9.0,7.0,9.0,8.0,,,,,,,7.0,7.0,7.0,8.0,,,,,,,5.0,7,5.0,5.0,,,,,,,7.0,9,5.0,5.0,,,,,,,77.0,78.0,80.0,90.0,,,,,,,S,S,S,S,,,,,,,273,48,36,49,280,41,26,37,185000.0,112,112,112,111
CD ,20250426,6,5,,1430,D,M,BUN,Md 50000,67000,50000.0,50000.0,74.34,,POP PAUL;SHADOW COAST;HOLSTER;TAPAKENA;LEMON SOHN;SKYNET;DEMAND;TUN TAVERN;DAIQUIRI SOMMELIER;SINISTER SMILE;CLASSY WAR;STRATEGIST,CD ,6,TB,9,SCHULTZ LINDSAY,0,0,0,0,HERNANDEZ COLBY J,,0,0,0,NOVOGRATZ RACING STABLES INC ,Lime; black circled 'N'; pink and yellow hoops; pink and yellow bars on sleeves; lime cap,,12.0,LEMON SOHN,22,2,,DKBBR,118,MENDELSSOHN,SCAT DADDY,SORRENTINA LEMON,LEMON DROP KID,Bill Justice,KY,,20250320.0,20250213.0,20250120.0,20241222.0,20241128.0,,,,,,FG,FG,FG,FG,FG,,,,,,FG,FG,FG,FG,FG,,,,,,3.0,8.0,6.0,7.0,2.0,,,,,,FT,FM,TF,FM,FM,,,,,,1320.0,-1870.0,1870.0,1870.0,-1870.0,,,,,,7.0,10.0,12.0,12.0,11.0,,,,,,2.0,1.0,10.0,2.0,6.0,,,,,,3.0,5.0,3.0,4.0,8.0,,,,,,3.0,5.0,2.0,4.0,8,,,,,,2.0,7,4.0,3.0,11,,,,,,2.0,9,5.0,5.0,11,,,,,,78.0,66.0,78.0,74.0,59.0,,,,,,MO,S,S,S,S,,,,,,250,41,33,30,250,26,28,27,15000.0,106,106,108,106
CD ,20250426,6,6,,1430,D,M,BUN,Md 50000,67000,50000.0,50000.0,74.34,,POP PAUL;SHADOW COAST;HOLSTER;TAPAKENA;LEMON SOHN;SKYNET;DEMAND;TUN TAVERN;DAIQUIRI SOMMELIER;SINISTER SMILE;CLASSY WAR;STRATEGIST,CD ,6,TB,9,BARRETT RODDINA A,0,0,0,0,GUTIERREZ MARIO,,0,0,0,SHAUNA B FORD,Black; red belt; black chevrons on red sleeves; black cap,,20.0,SKYNET,22,4,,DKBBR,118,YOSHIDA,HEART'S CRY,SKY SHAFT,MINESHAFT,September Farm LLC & SF Bloodstock LLC,KY,,20250410.0,20250322.0,20250214.0,20250124.0,20241129.0,20241114.0,20240728.0,,,,KEE,TP,TP,TP,CD,CD,ELP,,,,KEE,TP,TP,TP,CD,CD,ELP,,,,9.0,4.0,2.0,4.0,12.0,5.0,4.0,,,,FT,FT,FT,FT,FT,SY,FM,,,,1540.0,1760.0,1760.0,1760.0,1320.0,1540.0,1210.0,,,,10.0,11.0,7.0,12.0,12.0,9.0,10.0,,,,6.0,6.0,4.0,3.0,12.0,1.0,9.0,,,,8.0,4.0,5.0,3.0,11.0,7.0,10.0,,,,6.0,4.0,4.0,4.0,10,9.0,10.0,,,,3.0,11,5.0,4.0,9,8.0,9.0,,,,4.0,11,7.0,4.0,7,6.0,9.0,,,,74.0,63.0,65.0,78.0,69.0,58.0,55.0,,,,M,S,S,S,S,S,S,,,,44,3,2,1,290,28,29,35,9533.0,104,103,106,103
CD ,20250426,6,7,,1430,D,M,BUN,Md 50000,67000,50000.0,50000.0,74.34,,POP PAUL;SHADOW COAST;HOLSTER;TAPAKENA;LEMON SOHN;SKYNET;DEMAND;TUN TAVERN;DAIQUIRI SOMMELIER;SINISTER SMILE;CLASSY WAR;STRATEGIST,CD ,6,TB,9,MEDINA ROBERT,0,0,0,0,ROSARIO JOEL,,0,0,0,NEWTOWN ANNER STUD ,Cream; navy Cross of Lorraine; navy sleeves; cream star on navy cap,,20.0,DEMAND,22,4,,CH,118,DIALED IN,MINESHAFT,THAT'S OK,NOT FOR LOVE,Newtownanner Stud Farm,NY,,20250329.0,,,,,,,,,,AQU,,,,,,,,,,AQU,,,,,,,,,,8.0,,,,,,,,,,FT,,,,,,,,,,1430.0,,,,,,,,,,12.0,,,,,,,,,,8.0,,,,,,,,,,7.0,,,,,,,,,,12.0,,,,,,,,,,11.0,,,,,,,,,,11.0,,,,,,,,,,54.0,,,,,,,,,,S,,,,,,,,,,254,20,28,40,730,115,115,101,15000.0,106,105,102,108
CD ,20250426,6,8,,1430,D,M,BUN,Md 50000,67000,50000.0,50000.0,74.34,,POP PAUL;SHADOW COAST;HOLSTER;TAPAKENA;LEMON SOHN;SKYNET;DEMAND;TUN TAVERN;DAIQUIRI SOMMELIER;SINISTER SMILE;CLASSY WAR;STRATEGIST,CD ,6,TB,9,VOSLER EUGENE S,0,0,0,0,SERPA ANGEL,,0,0,0,KIRT CAHILL AND SARAH CAHILL,Ivory; burgundy circled 'K'; burgundy chevrons on sleeves; burgundy cap,,30.0,TUN TAVERN,22,5,,CH,118,GORMLEY,MALIBU MOON,ALTA LOVE,GONE WEST,Kirt Cahill & Sarah Cahill,KY,,,,,,,,,,,,,,,,,,,,,,,,,,,,,,,,,,,,,,,,,,,,,,,,,,,,,,,,,,,,,,,,,,,,,,,,,,,,,,,,,,,,,,,,,,,,,,,,,,,,,,,,,,,,,,,,,,,,,,,,,,,,,,,,,,,,,,,,,,,,,,28,3,3,2,181,20,22,32,,103,102,104,103
CD ,20250426,6,9,,1430,D,M,BUN,Md 50000,67000,50000.0,50000.0,74.34,,POP PAUL;SHADOW COAST;HOLSTER;TAPAKENA;LEMON SOHN;SKYNET;DEMAND;TUN TAVERN;DAIQUIRI SOMMELIER;SINISTER SMILE;CLASSY WAR;STRATEGIST,CD ,6,TB,9,STALL ALBERT M JR,0,0,0,0,MACHADO LUAN,,0,0,0,BEANIE AND JUBI LLC ,Red; white dots; white cap,,10.0,DAIQUIRI SOMMELIER,22,5,,DKBBR,118,GLOBAL CAMPAIGN,CURLIN,ACQUAINTED,PAYNTER,Curly Neal LLC,KY,,20250312.0,,,,,,,,,,FG,,,,,,,,,,FG,,,,,,,,,,6.0,,,,,,,,,,FT,,,,,,,,,,1870.0,,,,,,,,,,10.0,,,,,,,,,,1.0,,,,,,,,,,2.0,,,,,,,,,,2.0,,,,,,,,,,9.0,,,,,,,,,,7.0,,,,,,,,,,74.0,,,,,,,,,,S,,,,,,,,,,211,35,28,29,1015,155,133,128,7500.0,103,97,106,102
CD ,20250426,6,10,,1430,D,M,BUN,Md 50000,67000,50000.0,50000.0,74.34,,POP PAUL;SHADOW COAST;HOLSTER;TAPAKENA;LEMON SOHN;SKYNET;DEMAND;TUN TAVERN;DAIQUIRI SOMMELIER;SINISTER SMILE;CLASSY WAR;STRATEGIST,CD ,6,TB,9,PUHICH MIKE,0,0,0,0,CANNON DECLAN,,0,0,0,MARK DEDOMENICO LLC ,Fluorescent pink; blue 'D'; multi-colored bars on sleeves; fluorescent pink cap,,3.5,SINISTER SMILE,22,2,,DKBBR,118,PRACTICAL JOKE,INTO MISCHIEF,MAKING MARK MONEY,SMART STRIKE,Rhineshire Farm LLC,KY,,20250322.0,20250223.0,20241214.0,20241127.0,,,,,,,TP,TP,TP,CD,,,,,,,TP,TP,TP,CD,,,,,,,4.0,9.0,2.0,7.0,,,,,,,FT,FT,FT,FT,,,,,,,1760.0,1760.0,1320.0,1210.0,,,,,,,11.0,11.0,12.0,10.0,,,,,,,10.0,11.0,12.0,8.0,,,,,,,3.0,7.0,1.0,6.0,,,,,,,3.0,3.0,3.0,7.0,,,,,,,3.0,3,2.0,5.0,,,,,,,9.0,2,2.0,3.0,,,,,,,76.0,82.0,81.0,70.0,,,,,,,S,S,S,S,,,,,,,79,3,13,15,435,44,41,53,75000.0,111,111,115,113
CD ,20250426,6,11,,1430,D,M,BUN,Md 50000,67000,50000.0,50000.0,74.34,,POP PAUL;SHADOW COAST;HOLSTER;TAPAKENA;LEMON SOHN;SKYNET;DEMAND;TUN TAVERN;DAIQUIRI SOMMELIER;SINISTER SMILE;CLASSY WAR;STRATEGIST,CD ,6,TB,9,CASSE MARK,0,0,0,0,ORTIZ JOSE L,,0,0,0,GARY BARBER,Hot pink; black epaulets; black circled 'BB'; black cap,,5.0,CLASSY WAR,22,1,,DKBBR,118,WAR OF WILL,WAR FRONT,CLASSYDAME,BLAME,Nancy C Shuford,KY,,20250314.0,20250117.0,20250104.0,20240511.0,,,,,,,GP,GP,GP,GP,,,,,,,GP,GP,GP,GP,,,,,,,6.0,5.0,1.0,10.0,,,,,,,FT,FT,FM,FM,,,,,,,1100.0,1830.0,1760.0,1100.0,,,,,,,8.0,9.0,10.0,11.0,,,,,,,4.0,9.0,7.0,4.0,,,,,,,7.0,6.0,2.0,8.0,,,,,,,7.0,6.0,2.0,7.0,,,,,,,6.0,7,3.0,7.0,,,,,,,4.0,7,5.0,8.0,,,,,,,74.0,67.0,76.0,80.0,,,,,,,MO,M,S,N,,,,,,,1284,231,165,177,1362,277,168,182,20000.0,109,108?,112,108
CD ,20250426,6,12,,1430,D,M,BUN,Md 50000,67000,50000.0,50000.0,74.34,,POP PAUL;SHADOW COAST;HOLSTER;TAPAKENA;LEMON SOHN;SKYNET;DEMAND;TUN TAVERN;DAIQUIRI SOMMELIER;SINISTER SMILE;CLASSY WAR;STRATEGIST,CD ,6,TB,9,ROMERO GREGORY,0,0,0,0,CALLEJA ANDRES,,0,0,0,JENNIFER SALVADOR,Black; gold 'MV'; black cap,,30.0,STRATEGIST,22,5,,CH,118,IMPROBABLE,CITY ZIP,SKYHAWK,CURLIN,Anastasie Astrid Christiansen-Croy,KY,,20241201.0,20241012.0,20240914.0,20240824.0,,,,,,,DMR,BAQ,BAQ,SAR,,,,,,,DMR,BAQ,BAQ,SAR,,,,,,,9.0,11.0,7.0,6.0,,,,,,,FM,FM,FM,FM,,,,,,,1760.0,1870.0,1870.0,1870.0,,,,,,,11.0,12.0,11.0,10.0,,,,,,,10.0,6.0,3.0,1.0,,,,,,,8.0,5.0,6.0,7.0,,,,,,,9.0,5.0,6.0,8.0,,,,,,,11.0,9,5.0,10.0,,,,,,,11.0,7,6.0,8.0,,,,,,,30.0,63.0,54.0,57.0,,,,,,,S,S,S,S,,,,,,,0,0,0,0,377,28,30,38,15000.0,103,103,106,103
CD ,20250426,7,1,,2200,D,S,BUM,Md Sp Wt,92000,,,119.4, DSENTRIES 7TH CDX APRIL 26 A10F H92000 0 BUM 1 1/4 MILES DIRT THOROUGHBRED FILLIES AND MARES 3 YEAR OLDS AND UP MAIDEN SPECIAL WEIGHT PURSE $92000 (08:37) (8 ),ANTONIA'S FLOWERS;PLAZA CUE;HALFIN;CHURNING BERNI;KISS ME AGAIN;ASHES AND DIAMONDS;MADDIENLIZZYSHONOR;VINO TIEMPO,CD ,7,TB,9,SHARP JOE,0,0,0,0,SAEZ LUIS,,0,0,0,SEMAFORE RACING AND SUMMERPLACE FARM LLC,Purple; silver sash; silver sleeves; purple cap,,8.0,ANTONIA'S FLOWERS,22,2,,B,118,AMERICAN PHAROAH,PIONEEROF THE NILE,PARIS AMOUR,FROSTED,Stoneriggs Farm,KY,,20250328.0,,,,,,,,,,TP,,,,,,,,,,TP,,,,,,,,,,7.0,,,,,,,,,,FT,,,,,,,,,,1760.0,,,,,,,,,,11.0,,,,,,,,,,2.0,,,,,,,,,,8.0,,,,,,,,,,7.0,,,,,,,,,,7.0,,,,,,,,,,7.0,,,,,,,,,,71.0,,,,,,,,,,S,,,,,,,,,,586,94,89,63,1443,235,213,182,45000.0,110,107,111,114
CD ,20250426,7,2,,2200,D,S,BUM,Md Sp Wt,92000,,,119.4,,ANTONIA'S FLOWERS;PLAZA CUE;HALFIN;CHURNING BERNI;KISS ME AGAIN;ASHES AND DIAMONDS;MADDIENLIZZYSHONOR;VINO TIEMPO,CD ,7,TB,9,MCPEEK KENNETH G,0,0,0,0,HERNANDEZ B J JR,,0,0,0,BACCARI RACING STABLE LLC AND DREAM WALK,Navy; navy musical note on gold 'D'; navy musical notes on gold stripe on sleeves; navy cap,,2.5,PLAZA CUE,22,4,,B,118,SKY MESA,PULPIT,SAMBA BREEZE,SUPER SAVER,Larry Brookshire,KY,,20250406.0,20250309.0,20250126.0,20250109.0,,,,,,,KEE,OP,OP,FG,,,,,,,KEE,OP,OP,FG,,,,,,,7.0,8.0,6.0,5.0,,,,,,,SY,GD,FT,FM,,,,,,,1870.0,1760.0,1870.0,-1870.0,,,,,,,10.0,10.0,9.0,8.0,,,,,,,4.0,8.0,7.0,5.0,,,,,,,2.0,6.0,2.0,2.0,,,,,,,3.0,5.0,2.0,2.0,,,,,,,4.0,2,2.0,2.0,,,,,,,5.0,2,2.0,3.0,,,,,,,78.0,90.0,82.0,71.0,,,,,,,S,S,S,MO,,,,,,,661,92,64,103,795,125,94,89,10000.0,108,108,106,109
CD ,20250426,7,3,,2200,D,S,BUM,Md Sp Wt,92000,,,119.4,,ANTONIA'S FLOWERS;PLAZA CUE;HALFIN;CHURNING BERNI;KISS ME AGAIN;ASHES AND DIAMONDS;MADDIENLIZZYSHONOR;VINO TIEMPO,CD ,7,TB,9,HUMPHRIES THOMAS,0,0,0,0,MACHADO LUAN,,0,0,0,TOMMY HUMPHRIES CHAD SCHUMER CHRIS LLOYD,Black; white ball; white cap,,15.0,HALFIN,22,2,,B,118,FLATTER,A.P. INDY,SPLASH HIT,FLOWER ALLEY,Fleetwood Bloodstock LLC,KY,,20250328.0,20250228.0,20241130.0,20241113.0,,,,,,,TP,TP,CD,CD,,,,,,,TP,TP,CD,CD,,,,,,,1.0,5.0,2.0,7.0,,,,,,,FT,FT,FT,FT,,,,,,,1760.0,1760.0,1870.0,1540.0,,,,,,,9.0,12.0,10.0,11.0,,,,,,,2.0,10.0,6.0,5.0,,,,,,,9.0,7.0,10.0,9.0,,,,,,,7.0,7.0,10.0,11.0,,,,,,,3.0,7,10.0,10.0,,,,,,,2.0,6,10.0,9.0,,,,,,,72.0,66.0,71.0,55.0,,,,,,,S,M,S,S,,,,,,,45,4,6,1,1015,155,133,128,35000.0,106,106,104,106
CD ,20250426,7,4,,2200,D,S,BUM,Md Sp Wt,92000,,,119.4,,ANTONIA'S FLOWERS;PLAZA CUE;HALFIN;CHURNING BERNI;KISS ME AGAIN;ASHES AND DIAMONDS;MADDIENLIZZYSHONOR;VINO TIEMPO,CD ,7,TB,9,JACOBSON DAVID,0,0,0,0,ORTIZ IRAD JR,,0,0,0,LAWRENCE P ROMAN,Black; red star; red stripes on sleeves; red cap,,4.0,CHURNING BERNI,21,4,,B,126,BERNARDINI,A.P. INDY,ABUNDANT FLURRY,MIDSHIPMAN,Lothenbach Stables Inc,KY,,20250411.0,20250125.0,20241228.0,20241114.0,20240929.0,20240914.0,20240819.0,20240713.0,20240607.0,20240427.0,KEE,FG,FG,CD,CD,CD,ELP,ELP,CD,CD,KEE,FG,FG,CD,CD,CD,ELP,ELP,CD,CD,6.0,7.0,3.0,2.0,3.0,4.0,6.0,7.0,2.0,8.0,MY,FT,SY,SY,GD,FT,FT,FT,FM,FT,1540.0,1870.0,1830.0,2090.0,1870.0,1870.0,1760.0,1760.0,1980.0,2200.0,7.0,7.0,6.0,6.0,6.0,10.0,10.0,12.0,10.0,10.0,3.0,6.0,2.0,4.0,2.0,10.0,3.0,5.0,1.0,8.0,4.0,7.0,4.0,5.0,5.0,10.0,5.0,10.0,7.0,8.0,6.0,5.0,3.0,5.0,5,10.0,5.0,9.0,7.0,8.0,2.0,5,3.0,3.0,6,5.0,3.0,3.0,10.0,6.0,2.0,4,3.0,3.0,6,4.0,3.0,2.0,10.0,5.0,81.0,73.0,86.0,81.0,73.0,80.0,85.0,76.0,61.0,75.0,M,S,S,S,S,S,S,S,S,S,382,65,52,65,1549,327,267,211,35000.0,109,109,108,110
CD ,20250426,7,5,,2200,D,S,BUM,Md Sp Wt,92000,,,119.4,,ANTONIA'S FLOWERS;PLAZA CUE;HALFIN;CHURNING BERNI;KISS ME AGAIN;ASHES AND DIAMONDS;MADDIENLIZZYSHONOR;VINO TIEMPO,CD ,7,TB,9,BLAIR JORDAN,0,0,0,0,MONCADA IRVING,5.0,0,0,0,SMALL BATCH THOROUGHBREDS ,White; silver circled orange and brown horsehead; white cap,,3.5,KISS ME AGAIN,21,2,,DKBBR,121,INTO MISCHIEF,HARLAN'S HOLIDAY,FUHRIOUSLY KISSED,LANGFUHR,River Bend Farm,KY,,20250328.0,20250307.0,20241227.0,20241121.0,20241025.0,20240727.0,20240622.0,20240601.0,20240501.0,20240405.0,TP,TP,TP,CD,KEE,ELP,CD,CD,CD,KEE,TP,TP,TP,CD,KEE,ELP,CD,CD,CD,KEE,7.0,10.0,5.0,10.0,10.0,6.0,8.0,4.0,6.0,4.0,FT,FT,FT,FT,FT,FT,FT,FT,FM,FT,1760.0,1320.0,1430.0,1430.0,1320.0,1430.0,1870.0,1760.0,1870.0,1540.0,11.0,11.0,8.0,9.0,10.0,12.0,9.0,11.0,11.0,9.0,9.0,5.0,4.0,6.0,2.0,1.0,1.0,8.0,7.0,5.0,9.0,7.0,7.0,2.0,6.0,9.0,1.0,9.0,10.0,3.0,11.0,7.0,7.0,2.0,7,6.0,1.0,8.0,9.0,9.0,4.0,4,6.0,5.0,6,10.0,5.0,7.0,7.0,5.0,2.0,3,4.0,7.0,5,10.0,5.0,7.0,7.0,5.0,81.0,82.0,74.0,72.0,77.0,64.0,75.0,73.0,78.0,80.0,S,S,S,S,S,S,S,S,S,S,146,28,17,19,280,41,26,37,250000.0,110,109,110,112
CD ,20250426,7,6,,2200,D,S,BUM,Md Sp Wt,92000,,,119.4,,ANTONIA'S FLOWERS;PLAZA CUE;HALFIN;CHURNING BERNI;KISS ME AGAIN;ASHES AND DIAMONDS;MADDIENLIZZYSHONOR;VINO TIEMPO,CD ,7,TB,9,SHARP JOE,0,0,0,0,ORTIZ JOSE L,,0,0,0,PR RACING ,White; purple diamond; white diamonds on purple sleeves; white cap,,4.5,ASHES AND DIAMONDS,22,4,,B,118,HONOR A. P.,HONOR CODE,REGAL PASSAGE,VIOLENCE,Parks Investment Group LLC,KY,,20250409.0,20240901.0,,,,,,,,,KEE,SAR,,,,,,,,,KEE,SAR,,,,,,,,,1.0,2.0,,,,,,,,,FT,TF,,,,,,,,,1540.0,1870.0,,,,,,,,,8.0,10.0,,,,,,,,,5.0,4.0,,,,,,,,,7.0,7.0,,,,,,,,,6.0,7.0,,,,,,,,,3.0,8,,,,,,,,,2.0,8,,,,,,,,,72.0,63.0,,,,,,,,,M,S,,,,,,,,,586,94,89,63,1362,277,168,182,10000.0,106,112,108,104?
CD ,20250426,7,7,,2200,D,S,BUM,Md Sp Wt,92000,,,119.4,,ANTONIA'S FLOWERS;PLAZA CUE;HALFIN;CHURNING BERNI;KISS ME AGAIN;ASHES AND DIAMONDS;MADDIENLIZZYSHONOR;VINO TIEMPO,CD ,7,TB,9,ORTIZ JOHN ALEXANDER,0,0,0,0,LEPAROUX JULIEN R,,0,0,0,MILLARD R SELDIN REVOCABLE TRUST ,Purple; white 'S'; white band on sleeves; purple cap,,12.0,MADDIENLIZZYSHONOR,22,3,,DKBBR,118,HONOR A. P.,HONOR CODE,BUSY LISTENING,DEHERE,E H Beau Lane,KY,,20250316.0,20250217.0,20250103.0,,,,,,,,OP,OP,OP,,,,,,,,OP,OP,OP,,,,,,,,3.0,6.0,8.0,,,,,,,,FT,FT,FT,,,,,,,,1760.0,1870.0,1320.0,,,,,,,,8.0,8.0,9.0,,,,,,,,1.0,4.0,9.0,,,,,,,,8.0,8.0,7.0,,,,,,,,7.0,8.0,9.0,,,,,,,,4.0,5,8.0,,,,,,,,3.0,5,6.0,,,,,,,,68.0,71.0,60.0,,,,,,,,M,S,S,,,,,,,,294,43,29,45,433,41,61,46,10000.0,106,111,105,104?
CD ,20250426,7,8,,2200,D,S,BUM,Md Sp Wt,92000,,,119.4,,ANTONIA'S FLOWERS;PLAZA CUE;HALFIN;CHURNING BERNI;KISS ME AGAIN;ASHES AND DIAMONDS;MADDIENLIZZYSHONOR;VINO TIEMPO,CD ,7,TB,9,VANCE THOMAS D,0,0,0,0,LANERIE C J,,0,0,0,LINDA AND MICHAEL J MAZOCH,Black; black 'ML' on pink star; pink bars on sleeves; black cap,,5.0,VINO TIEMPO,22,5,,CH,118,VINO ROSSO,CURLIN,ROKSANA,ESKENDEREYA,Michael Ellis Joe B JrJohn PMulholland,KY,,20250330.0,20250309.0,20241229.0,20241206.0,20241102.0,,,,,,OP,OP,OP,OP,CD,,,,,,OP,OP,OP,OP,CD,,,,,,10.0,8.0,1.0,8.0,11.0,,,,,,FT,GD,MY,FT,FT,,,,,,1870.0,1760.0,1760.0,1760.0,1320.0,,,,,,11.0,10.0,8.0,11.0,10.0,,,,,,4.0,4.0,2.0,10.0,1.0,,,,,,11.0,10.0,8.0,10.0,8.0,,,,,,11.0,10.0,8.0,10.0,10,,,,,,2.0,6,7.0,9.0,7,,,,,,2.0,3,6.0,7.0,6,,,,,,80.0,80.0,67.0,66.0,67.0,,,,,,S,S,M,S,S,,,,,,116,13,19,20,618,79,88,81,12500.0,107,106,106,108?
CD ,20250426,8,1,,1870,T,C,BUM,Clm 50000n2l,76000,50000.0,50000.0,99.83, TCENTRIES 8TH CDX APRIL 26 8.5F N76000 50000 0 BUM 1 1/16 MILES TURF THOROUGHBRED FILLIES AND MARES 3 YEAR OLDS AND UP CLAIMING 50000-ALL PURSE $76000 (09:09) (14),SMOOTH WAVES;TALENT SHOW;FAIRE PLAISIR;BREAD TO RUN;SWEET VOYAGE;CHOATE;CHEYENNE MOON;ANGEL OF FAITH;LIFE ADVICE;HOLD MY HALO;TIZNTSHELOVELY;MALIBU SMART;TACO CAT BACKWARDS;WHAT IF,CD ,8,TB,9,FOLEY GREG,0,0,0,0,ORTIZ IRAD JR,,0,0,0,JERRY ROMANS JR AND JOHN WAITS,Red; white circled 'JR'; white sleeves; white cap,,3.5,SMOOTH WAVES,21,4,,CH,125,ENGLISH CHANNEL,SMART STRIKE,EVIL KITTEN,KITTEN'S JOY,Calumet Farm,KY,,20250206.0,20241103.0,20241010.0,20240907.0,20240727.0,20240621.0,20231025.0,20231006.0,20230910.0,20230806.0,FG,CD,KEE,KD,ELP,CD,KEE,KEE,KD,SAR,FG,CD,KEE,KD,ELP,CD,KEE,KEE,KD,SAR,6.0,8.0,5.0,5.0,9.0,8.0,6.0,8.0,2.0,1.0,FM,FM,TF,FM,FM,FM,FM,TF,FM,TF,-1650.0,1870.0,1870.0,1760.0,1760.0,1870.0,1870.0,1870.0,1760.0,1870.0,9.0,12.0,11.0,10.0,8.0,9.0,9.0,11.0,12.0,10.0,5.0,4.0,7.0,3.0,1.0,3.0,4.0,1.0,9.0,8.0,3.0,4.0,1.0,1.0,3.0,3.0,2.0,10.0,2.0,2.0,2.0,5.0,1.0,1.0,3,3.0,2.0,10.0,2.0,2.0,8.0,6,1.0,6.0,3,3.0,9.0,8.0,1.0,2.0,8.0,8,2.0,7.0,3,4.0,9.0,6.0,1.0,5.0,66.0,80.0,83.0,71.0,79.0,81.0,61.0,80.0,80.0,76.0,A,A,A,A,A,A,A,G2,S,S,260,38,33,37,1549,327,267,211,27500.0,100,101,108,101
CD ,20250426,8,2,,1870,T,C,BUM,Clm 50000n2l,76000,50000.0,50000.0,99.83,,SMOOTH WAVES;TALENT SHOW;FAIRE PLAISIR;BREAD TO RUN;SWEET VOYAGE;CHOATE;CHEYENNE MOON;ANGEL OF FAITH;LIFE ADVICE;HOLD MY HALO;TIZNTSHELOVELY;MALIBU SMART;TACO CAT BACKWARDS;WHAT IF,CD ,8,TB,9,GARCIA GENARO,0,0,0,0,GUTIERREZ MARIO,,0,0,0,SOUTHWEST RACING STABLES INC AND TRIPLE ,Lime; lime 'V' on blue ball; blue bars on sleeves; lime cap,,6.0,TALENT SHOW,22,4,,GR/RO,118,MAXIMUM SECURITY,NEW YEAR'S DAY,SNOW STAR,CURLIN,Gary & Mary West Stables Inc,KY,,20250228.0,20250116.0,20241218.0,,,,,,,,TP,TP,TP,,,,,,,,TP,TP,TP,,,,,,,,5.0,2.0,6.0,,,,,,,,FT,FT,FT,,,,,,,,1760.0,1760.0,1870.0,,,,,,,,12.0,7.0,8.0,,,,,,,,9.0,5.0,5.0,,,,,,,,3.0,5.0,5.0,,,,,,,,3.0,5.0,5.0,,,,,,,,1.0,3,3.0,,,,,,,,1.0,4,4.0,,,,,,,,84.0,75.0,82.0,,,,,,,,M,S,S,,,,,,,,565,84,87,74,290,28,29,35,,106,105,103?,105
CD ,20250426,8,3,,1870,T,C,BUM,Clm 50000n2l,76000,50000.0,50000.0,99.83,,SMOOTH WAVES;TALENT SHOW;FAIRE PLAISIR;BREAD TO RUN;SWEET VOYAGE;CHOATE;CHEYENNE MOON;ANGEL OF FAITH;LIFE ADVICE;HOLD MY HALO;TIZNTSHELOVELY;MALIBU SMART;TACO CAT BACKWARDS;WHAT IF,CD ,8,TB,9,KING BARRY L,0,0,0,0,LEPAROUX JULIEN R,,0,0,0,BARRY L KING AND GREG BASHAM,White; black 'BK'; white cap,,8.0,FAIRE PLAISIR,21,4,,CH,125,DISTORTED HUMOR,FORTY NINER,EXCUSES BEGONE,MEDAGLIA D'ORO,DJ Stable LLC,KY,,20250328.0,20250306.0,20250206.0,20250116.0,20241226.0,20241207.0,20241017.0,20240907.0,20240727.0,20240511.0,TP,TP,TP,TP,TP,TP,LRL,LRL,CNL,PIM,TP,TP,TP,TP,TP,TP,LRL,LRL,CNL,PIM,5.0,5.0,9.0,9.0,6.0,4.0,7.0,2.0,6.0,8.0,FT,FT,FT,FT,FT,FT,FM,FM,FM,FT,2640.0,1870.0,2200.0,2200.0,1760.0,1760.0,1760.0,1980.0,1760.0,1870.0,12.0,11.0,9.0,12.0,10.0,12.0,10.0,9.0,7.0,6.0,10.0,11.0,7.0,5.0,5.0,9.0,2.0,8.0,5.0,3.0,12.0,9.0,8.0,3.0,5.0,12.0,8.0,6.0,4.0,4.0,12.0,9.0,8.0,3.0,5,12.0,7.0,5.0,5.0,4.0,9.0,5,4.0,10.0,4,9.0,8.0,3.0,5.0,6.0,8.0,3,2.0,10.0,3,5.0,7.0,2.0,5.0,6.0,71.0,80.0,87.0,71.0,81.0,73.0,69.0,76.0,78.0,72.0,AO,AO,AO,AO,C,C,C,C,A,AO,50,4,4,6,433,41,61,46,0.0,112,113,113,112
CD ,20250426,8,4,,1870,T,C,BUM,Clm 50000n2l,76000,50000.0,50000.0,99.83,,SMOOTH WAVES;TALENT SHOW;FAIRE PLAISIR;BREAD TO RUN;SWEET VOYAGE;CHOATE;CHEYENNE MOON;ANGEL OF FAITH;LIFE ADVICE;HOLD MY HALO;TIZNTSHELOVELY;MALIBU SMART;TACO CAT BACKWARDS;WHAT IF,CD ,8,TB,9,BRISSET RODOLPHE,0,0,0,0,SAEZ LUIS,,0,0,0,STORYTELLER RACING SEPTEMBER FARM LLC WI,Blue; light blue sash; light blue chevrons on sleeves; blue cap,,4.5,BREAD TO RUN,22,3,,CH,118,AUTHENTIC,INTO MISCHIEF,SLICED BREAD,NOONMARK,Spendthrift Farm LLC,KY,,20250407.0,20250131.0,20241218.0,20241006.0,20240906.0,20240729.0,20240704.0,,,,KEE,TP,TP,KEE,IND,ELP,ELP,,,,KEE,TP,TP,KEE,IND,ELP,ELP,,,,10.0,9.0,5.0,3.0,3.0,6.0,6.0,,,,FT,FT,FT,FM,FM,MY,MY,,,,-1540.0,1430.0,1760.0,1760.0,1650.0,1760.0,1210.0,,,,10.0,8.0,11.0,11.0,8.0,11.0,9.0,,,,4.0,1.0,2.0,10.0,5.0,1.0,8.0,,,,8.0,8.0,8.0,7.0,7.0,1.0,6.0,,,,8.0,6.0,8.0,7.0,6,1.0,5.0,,,,6.0,4,4.0,6.0,5,8.0,5.0,,,,5.0,2,1.0,5.0,2,9.0,4.0,,,,73.0,80.0,66.0,76.0,68.0,62.0,50.0,,,,R,R,M,S,S,S,S,,,,243,42,38,31,1443,235,213,182,25000.0,104,103,108,104
CD ,20250426,8,5,,1870,T,C,BUM,Clm 50000n2l,76000,50000.0,50000.0,99.83,,SMOOTH WAVES;TALENT SHOW;FAIRE PLAISIR;BREAD TO RUN;SWEET VOYAGE;CHOATE;CHEYENNE MOON;ANGEL OF FAITH;LIFE ADVICE;HOLD MY HALO;TIZNTSHELOVELY;MALIBU SMART;TACO CAT BACKWARDS;WHAT IF,CD ,8,TB,9,HILES JEFF A,0,0,0,0,LANERIE C J,,0,0,0,MYRACEHORSE AND OWLCATRAZ RACING STABLE ,Black; white 'MyRacehorse' and horsehead emblem; white chevrons on sleeves; white cap,,15.0,SWEET VOYAGE,21,2,,CH,125,CANDY RIDE,RIDE THE RAILS,ALLIFORD BAY,CITY ZIP,Purple H Bloodstock,KY,,20250322.0,20250212.0,20250117.0,20241123.0,20240101.0,,,,,,TP,TP,TP,DMR,SA,,,,,,TP,TP,TP,DMR,SA,,,,,,5.0,4.0,2.0,1.0,1.0,,,,,,FT,FT,FT,FM,FM,,,,,,1760.0,1760.0,1430.0,1100.0,1320.0,,,,,,12.0,9.0,11.0,7.0,8.0,,,,,,3.0,2.0,9.0,5.0,6.0,,,,,,3.0,3.0,3.0,5.0,6.0,,,,,,3.0,3.0,5.0,5.0,7,,,,,,3.0,1,10.0,6.0,8,,,,,,6.0,1,8.0,5.0,8,,,,,,75.0,79.0,64.0,74.0,74.0,,,,,,AO,M,M,S,S,,,,,,108,15,15,15,618,79,88,81,75000.0,109,109,108,108
CD ,20250426,8,6,,1870,T,C,BUM,Clm 50000n2l,76000,50000.0,50000.0,99.83,,SMOOTH WAVES;TALENT SHOW;FAIRE PLAISIR;BREAD TO RUN;SWEET VOYAGE;CHOATE;CHEYENNE MOON;ANGEL OF FAITH;LIFE ADVICE;HOLD MY HALO;TIZNTSHELOVELY;MALIBU SMART;TACO CAT BACKWARDS;WHAT IF,CD ,8,TB,9,NIHEI MICHELLE,0,0,0,0,ACHARD ALEX,,0,0,0,CIRCLE 8 ,Black; blue circled pink horse; purple stripes on sleeves; purple cap,,15.0,CHOATE,21,2,,CH,125,CUPID,TAPIT,SCHMISS,HARD SPUN,Tropical Racing,KY,,20250315.0,20250123.0,20241220.0,20241026.0,20240908.0,20240625.0,20240313.0,20230902.0,,,TP,TP,TP,KEE,KD,IND,TP,KD,,,TP,TP,TP,KEE,KD,IND,TP,KD,,,7.0,2.0,4.0,5.0,5.0,7.0,5.0,1.0,,,FT,FT,FT,FM,FM,FM,FT,FM,,,1760.0,1760.0,1760.0,2090.0,1540.0,1760.0,1430.0,1760.0,,,9.0,9.0,11.0,12.0,11.0,10.0,12.0,12.0,,,8.0,4.0,4.0,10.0,10.0,6.0,1.0,3.0,,,7.0,6.0,10.0,11.0,10.0,4.0,12.0,7.0,,,7.0,7.0,11.0,10.0,10,4.0,10.0,7.0,,,3.0,6,8.0,9.0,8,1.0,8.0,7.0,,,3.0,5,4.0,8.0,8,1.0,8.0,6.0,,,69.0,79.0,70.0,71.0,72.0,56.0,67.0,62.0,,,C,C,C,A,A,S,S,S,,,41,5,5,1,363,37,41,58,,103,103,104,102
CD ,20250426,8,7,,1870,T,C,BUM,Clm 50000n2l,76000,50000.0,50000.0,99.83,,SMOOTH WAVES;TALENT SHOW;FAIRE PLAISIR;BREAD TO RUN;SWEET VOYAGE;CHOATE;CHEYENNE MOON;ANGEL OF FAITH;LIFE ADVICE;HOLD MY HALO;TIZNTSHELOVELY;MALIBU SMART;TACO CAT BACKWARDS;WHAT IF,CD ,8,TB,9,WIGGINS LON,0,0,0,0,SAEZ GABRIEL,,0,0,0,TIM CASTELLAW,Yellow; red dots; red cap,,15.0,CHEYENNE MOON,21,4,,DKBBR,125,TONALIST,TAPIT,TETHERBALL,PROUD CITIZEN,Simpson Enterprises,KY,,20250406.0,20240606.0,20240426.0,20240406.0,20240302.0,20231126.0,20231111.0,20230927.0,,,KEE,CD,OP,OP,OP,CD,CD,CD,,,KEE,CD,OP,OP,OP,CD,CD,CD,,,3.0,4.0,4.0,3.0,1.0,2.0,8.0,9.0,,,SY,TF,FT,FT,FT,FT,FT,FT,,,1760.0,1760.0,1870.0,1870.0,1760.0,1760.0,1870.0,1320.0,,,7.0,10.0,6.0,7.0,9.0,9.0,9.0,12.0,,,3.0,10.0,1.0,5.0,1.0,7.0,3.0,6.0,,,4.0,7.0,5.0,5.0,8.0,4.0,7.0,8.0,,,4.0,7.0,6.0,5.0,9,7.0,8.0,10.0,,,4.0,6,6.0,1.0,7,6.0,6.0,7.0,,,3.0,6,6.0,1.0,7,6.0,5.0,5.0,,,63.0,83.0,46.0,72.0,60.0,60.0,68.0,71.0,,,A,AO,AO,M,M,S,S,S,,,0,0,0,0,252,16,17,19,10000.0,107,106,102,108
CD ,20250426,8,8,,1870,T,C,BUM,Clm 50000n2l,76000,50000.0,50000.0,99.83,,SMOOTH WAVES;TALENT SHOW;FAIRE PLAISIR;BREAD TO RUN;SWEET VOYAGE;CHOATE;CHEYENNE MOON;ANGEL OF FAITH;LIFE ADVICE;HOLD MY HALO;TIZNTSHELOVELY;MALIBU SMART;TACO CAT BACKWARDS;WHAT IF,CD ,8,TB,9,ASMUSSEN STEVEN M,0,0,0,0,ROSARIO JOEL,,0,0,0,CYPRESS CREEK EQUINE LLC AND WHISPERING ,Black; white and black 'CC' on red ball; red and white star stripe on sleeves; red cap,,4.0,ANGEL OF FAITH,21,3,,CH,125,JUSTIFY,SCAT DADDY,OUT FOR REVENGE,BERNARDINI,Cypress Creek Equine LLC,KY,,20250228.0,20250117.0,20241222.0,20240118.0,20231221.0,20231124.0,,,,,OP,OP,OP,FG,FG,CD,,,,,OP,OP,OP,FG,FG,CD,,,,,7.0,7.0,4.0,6.0,7.0,8.0,,,,,FT,FT,FT,FT,FT,FT,,,,,1870.0,1980.0,1760.0,1870.0,1870.0,1540.0,,,,,12.0,6.0,10.0,9.0,9.0,11.0,,,,,8.0,5.0,6.0,3.0,6.0,3.0,,,,,2.0,4.0,2.0,1.0,2.0,9.0,,,,,3.0,4.0,2.0,1.0,2,4.0,,,,,5.0,G,2.0,2.0,1,5.0,,,,,7.0,G,1.0,7.0,4,5.0,,,,,81.0,,81.0,68.0,72.0,69.0,,,,,A,A,S,S,S,S,,,,,2288,407,344,302,730,115,115,101,,115,111,112,115
CD ,20250426,8,9,,1870,T,C,BUM,Clm 50000n2l,76000,50000.0,50000.0,99.83,,SMOOTH WAVES;TALENT SHOW;FAIRE PLAISIR;BREAD TO RUN;SWEET VOYAGE;CHOATE;CHEYENNE MOON;ANGEL OF FAITH;LIFE ADVICE;HOLD MY HALO;TIZNTSHELOVELY;MALIBU SMART;TACO CAT BACKWARDS;WHAT IF,CD ,8,TB,9,SHARP JOE,0,0,0,0,ORTIZ JOSE L,,0,0,0,REDHAWK RACING LLC ,Red; red; white and black 'RR' on hawk; red stripe on white sleeves; red cap,,5.0,LIFE ADVICE,21,5,,GR/RO,125,INTO MISCHIEF,HARLAN'S HOLIDAY,ERVSAYSLETHERGO,HOLD ME BACK,Ralph Kinder & Erv Woolsey,KY,,20241009.0,20240916.0,20240828.0,20240624.0,20240606.0,20240514.0,20240418.0,20240323.0,20231025.0,20230916.0,PID,PID,PID,IND,IND,IND,KEE,TP,KEE,CD,PID,PID,PID,IND,IND,IND,KEE,TP,KEE,CD,4.0,5.0,7.0,7.0,7.0,7.0,3.0,2.0,5.0,3.0,FT,FT,FT,FM,FM,SY,FT,FT,FT,FT,1320.0,1830.0,1430.0,1100.0,1870.0,1830.0,1540.0,1320.0,-1540.0,1320.0,6.0,7.0,6.0,9.0,11.0,6.0,10.0,12.0,12.0,9.0,3.0,5.0,5.0,3.0,4.0,3.0,3.0,9.0,6.0,8.0,5.0,1.0,3.0,4.0,1.0,1.0,4.0,1.0,4.0,6.0,3.0,1.0,2.0,4.0,1,1.0,4.0,2.0,1.0,6.0,6.0,1,2.0,6.0,1,4.0,7.0,4.0,6.0,8.0,6.0,3,2.0,9.0,1,4.0,8.0,4.0,9.0,8.0,66.0,80.0,80.0,71.0,74.0,70.0,69.0,76.0,60.0,51.0,A,A,A,A,S,S,M,S,S,S,586,94,89,63,1362,277,168,182,250000.0,111,111,113,111
CD ,20250426,8,10,,1870,T,C,BUM,Clm 50000n2l,76000,50000.0,50000.0,99.83,,SMOOTH WAVES;TALENT SHOW;FAIRE PLAISIR;BREAD TO RUN;SWEET VOYAGE;CHOATE;CHEYENNE MOON;ANGEL OF FAITH;LIFE ADVICE;HOLD MY HALO;TIZNTSHELOVELY;MALIBU SMART;TACO CAT BACKWARDS;WHAT IF,CD ,8,TB,9,MILLER DARRIN,0,0,0,0,MILLER CHASE,,0,0,0,SILVERTON HILL LLC ,Hot pink; black fleur de lis; black chevrons on sleeves; hot pink cap,,15.0,HOLD MY HALO,20,2,,DKBBR,125,GREAT NOTION,ELUSIVE QUALITY,MODENA BAY,VOLKSRAAD,Silverton Hill Farm LLC,KY,,20250322.0,20250301.0,20241227.0,20241007.0,20240916.0,20230722.0,,,,,TP,TP,TP,IND,IND,ELP,,,,,TP,TP,TP,IND,IND,ELP,,,,,5.0,4.0,7.0,7.0,7.0,9.0,,,,,FT,FT,FT,FM,FM,FM,,,,,1760.0,1760.0,1320.0,1100.0,1100.0,1210.0,,,,,12.0,4.0,12.0,12.0,11.0,9.0,,,,,10.0,4.0,7.0,5.0,11.0,2.0,,,,,12.0,1.0,12.0,11.0,10.0,9.0,,,,,10.0,1.0,12.0,9.0,11,9.0,,,,,6.0,1,10.0,10.0,9,8.0,,,,,5.0,1,8.0,10.0,5,8.0,,,,,77.0,79.0,59.0,66.0,71.0,64.0,,,,,AO,M,M,S,S,S,,,,,82,5,12,10,59,4,11,5,,106,107,108,109
CD ,20250426,8,11,,1870,T,C,BUM,Clm 50000n2l,76000,50000.0,50000.0,99.83,,SMOOTH WAVES;TALENT SHOW;FAIRE PLAISIR;BREAD TO RUN;SWEET VOYAGE;CHOATE;CHEYENNE MOON;ANGEL OF FAITH;LIFE ADVICE;HOLD MY HALO;TIZNTSHELOVELY;MALIBU SMART;TACO CAT BACKWARDS;WHAT IF,CD ,8,TB,9,STEWART DALLAS,0,0,0,0,HERNANDEZ B J JR,,0,0,0,ON OUR OWN STABLE LLC AND DALLAS STEWART,Green; black 'OOO'; yellow band on sleeves; yellow cap,A,15.0,TIZNTSHELOVELY,22,2,,DKBBR,118,TIZ THE LAW,CONSTITUTION,SENSE OF GRACE,STREET SENSE,Peak Thoroughbreds LLC,KY,,20250304.0,20250103.0,20241216.0,20241026.0,20240911.0,20240817.0,20240716.0,20240628.0,20240524.0,,FG,FG,FG,KEE,KD,IND,IND,CD,CD,,FG,FG,FG,KEE,KD,IND,IND,CD,CD,,6.0,5.0,3.0,3.0,4.0,3.0,1.0,8.0,5.0,,FM,FM,FM,FM,FM,TF,GD,FT,GD,,-1760.0,-1760.0,-1870.0,1980.0,1760.0,1650.0,1100.0,1320.0,1100.0,,11.0,9.0,6.0,12.0,10.0,10.0,7.0,11.0,6.0,,9.0,9.0,4.0,8.0,4.0,4.0,4.0,5.0,5.0,,4.0,2.0,3.0,1.0,2.0,1.0,2.0,2.0,4.0,,3.0,2.0,3.0,1.0,3,3.0,5.0,3.0,5.0,,4.0,1,5.0,2.0,3,2.0,6.0,6.0,4.0,,3.0,1,5.0,10.0,5,2.0,5.0,10.0,4.0,,77.0,63.0,69.0,74.0,66.0,74.0,54.0,59.0,54.0,,CO,M,S,S,S,S,S,S,S,,236,29,32,33,795,125,94,89,30000.0,112,112,116,114
CD ,20250426,8,12,,1870,T,C,BUM,Clm 50000n2l,76000,50000.0,50000.0,99.83,,SMOOTH WAVES;TALENT SHOW;FAIRE PLAISIR;BREAD TO RUN;SWEET VOYAGE;CHOATE;CHEYENNE MOON;ANGEL OF FAITH;LIFE ADVICE;HOLD MY HALO;TIZNTSHELOVELY;MALIBU SMART;TACO CAT BACKWARDS;WHAT IF,CD ,8,TB,9,HARTMAN CHRIS,0,0,0,0,CURTIS BEN,,0,0,0,PIPE DREAM STABLES ,Green; pink dots; pink sleeves; green cap,A,5.0,MALIBU SMART,20,2,,CH,125,ENGLISH CHANNEL,SMART STRIKE,MOOGHAREADH,MALIBU MOON,Shadwell Farm LLC,KY,,20250228.0,20250119.0,20241221.0,20240330.0,20240310.0,20240218.0,20240127.0,20240113.0,20231126.0,20231108.0,OP,OP,OP,OP,OP,OP,OP,OP,CD,CD,OP,OP,OP,OP,OP,OP,OP,OP,CD,CD,7.0,2.0,6.0,13.0,7.0,8.0,7.0,8.0,3.0,4.0,FT,FT,FT,FT,FT,FT,SY,FT,FT,FT,1870.0,1760.0,1320.0,1760.0,1870.0,1760.0,1870.0,1760.0,1760.0,1870.0,12.0,8.0,7.0,11.0,9.0,12.0,9.0,12.0,8.0,9.0,2.0,1.0,7.0,7.0,8.0,3.0,2.0,2.0,4.0,2.0,6.0,5.0,6.0,9.0,5.0,9.0,7.0,9.0,7.0,3.0,5.0,5.0,7.0,9.0,5,8.0,7.0,10.0,6.0,4.0,8.0,5,6.0,6.0,3,4.0,4.0,7.0,5.0,2.0,6.0,3,3.0,6.0,4,3.0,3.0,3.0,4.0,1.0,83.0,83.0,76.0,81.0,80.0,78.0,79.0,73.0,85.0,78.0,A,R,R,A,A,A,A,A,A,M,412,69,66,59,500,77,54,74,,101,102,106,102
CD ,20250426,8,13,,1870,T,C,BUM,Clm 50000n2l,76000,50000.0,50000.0,99.83,,SMOOTH WAVES;TALENT SHOW;FAIRE PLAISIR;BREAD TO RUN;SWEET VOYAGE;CHOATE;CHEYENNE MOON;ANGEL OF FAITH;LIFE ADVICE;HOLD MY HALO;TIZNTSHELOVELY;MALIBU SMART;TACO CAT BACKWARDS;WHAT IF,CD ,8,TB,9,TROIANI NICCOLO,0,0,0,0,MACHADO LUAN,,0,0,0,P B AND J STABLE ,Lime; pink sash; pink stars and 'DBK' on sleeves; lime cap,A,20.0,TACO CAT BACKWARDS,22,4,,DKBBR,118,KITTEN'S JOY,EL PRADO,PINATA CAT,TIZNOW,Dixiana Farms LLC,KY,,20250304.0,20250207.0,20250109.0,20241215.0,20241113.0,20240829.0,20240816.0,20240726.0,,,FG,FG,FG,FG,CD,KD,CNL,CNL,,,FG,FG,FG,FG,CD,KD,CNL,CNL,,,6.0,5.0,5.0,7.0,2.0,1.0,7.0,5.0,,,FM,FM,FM,FM,FT,FM,FM,FM,,,-1760.0,-1870.0,-1870.0,-1870.0,1760.0,1430.0,1760.0,1760.0,,,11.0,7.0,8.0,10.0,9.0,12.0,8.0,9.0,,,8.0,7.0,4.0,4.0,8.0,5.0,8.0,7.0,,,11.0,7.0,8.0,10.0,4.0,5.0,3.0,5.0,,,10.0,7.0,8.0,10.0,4,8.0,1.0,4.0,,,8.0,6,1.0,2.0,9,9.0,2.0,2.0,,,7.0,5,1.0,3.0,9,9.0,4.0,3.0,,,73.0,71.0,72.0,69.0,31.0,47.0,65.0,53.0,,,CO,AO,MO,MO,M,S,S,S,,,39,4,2,4,1015,155,133,128,50000.0,104,104,106,104
CD ,20250426,8,14,,1870,T,C,BUM,Clm 50000n2l,76000,50000.0,50000.0,99.83,,SMOOTH WAVES;TALENT SHOW;FAIRE PLAISIR;BREAD TO RUN;SWEET VOYAGE;CHOATE;CHEYENNE MOON;ANGEL OF FAITH;LIFE ADVICE;HOLD MY HALO;TIZNTSHELOVELY;MALIBU SMART;TACO CAT BACKWARDS;WHAT IF,CD ,8,TB,9,BAHENA ISMAEL,0,0,0,0,RODRIGUEZ WALTER A,,0,0,0,ISMAEL BAHENA,Blue; blue 'IB' on white diamond; blue diamonds on white sleeves; blue cap,A,20.0,WHAT IF,22,4,,B,118,TAKEOVER TARGET,HARLAN'S HOLIDAY,FORGIVENESS,TIZNOW,Horseshoe Racing LLC,LA,,20250419.0,20250328.0,20250315.0,20250212.0,20250117.0,20241129.0,,,,,KEE,TP,TP,TP,TP,CD,,,,,KEE,TP,TP,TP,TP,CD,,,,,4.0,5.0,7.0,1.0,3.0,5.0,,,,,FM,FT,FT,FT,FT,FT,,,,,2090.0,2640.0,1760.0,1760.0,1760.0,1320.0,,,,,6.0,12.0,9.0,7.0,9.0,8.0,,,,,2.0,8.0,5.0,5.0,4.0,3.0,,,,,6.0,8.0,9.0,6.0,5.0,8.0,,,,,6.0,9.0,9.0,6.0,4,8.0,,,,,4.0,11,5.0,3.0,2,8.0,,,,,4.0,10,2.0,2.0,1,8.0,,,,,72.0,59.0,70.0,69.0,72.0,15.0,,,,,A,AO,C,C,M,M,,,,,120,9,11,11,365,58,42,41,,93,96,95,94
CD ,20250426,9,1,,1320,D,N,CUM,RoxelanaL200k,200000,,,67.55, DNENTRIES 9TH CDX APRIL 26 6F H200000 0 CUM 6 FURLONGS DIRT THOROUGHBRED FILLIES AND MARES 4 YEAR OLDS AND UP NONGRADED STAKE PURSE $200000 (09:40) (8 ),,CD ,9,TB,9,CALHOUN WILLIAM BRET,0,0,0,0,MURRILL MITCHELL,,0,0,0,MARTIN RACING STABLE LLC BOB GORSKY AND ,Red and white halves; black 'M'; black bars on sleeves; red cap,,4.5,NON VIOLENCE,19,4,,CH,118,VIOLENCE,MEDAGLIA D'ORO,SINGAVICTORYSONG,HARD SPUN,Sandra Sexton & Silver Fern Farm,KY,,20250404.0,20250304.0,20250201.0,20240527.0,20230813.0,20230723.0,20230630.0,20230525.0,20230427.0,20230212.0,EVD,FG,FG,LS,ELP,ELP,ELP,CD,KEE,FG,EVD,FG,FG,LS,ELP,ELP,ELP,CD,KEE,FG,8.0,8.0,7.0,8.0,10.0,6.0,2.0,7.0,8.0,6.0,FT,FM,FM,FT,FT,FT,MY,FT,FT,FT,1760.0,-1210.0,-1210.0,1320.0,1760.0,1320.0,1430.0,1430.0,1540.0,1830.0,7.0,8.0,9.0,9.0,7.0,5.0,6.0,7.0,7.0,7.0,5.0,2.0,9.0,3.0,1.0,4.0,1.0,1.0,7.0,5.0,2.0,2.0,3.0,9.0,1.0,3.0,3.0,3.0,2.0,5.0,2.0,2.0,4.0,8.0,1,2.0,1.0,3.0,2.0,4.0,1.0,2,4.0,8.0,4,1.0,1.0,1.0,3.0,5.0,1.0,4,7.0,6.0,7,2.0,1.0,1.0,4.0,7.0,91.0,89.0,80.0,80.0,86.0,93.0,97.0,88.0,80.0,73.0,N,N,N,N,N,N,AO,A,A,AO,601,119,94,79,468,59,62,60,30000.0,109,108,105,109
CD ,20250426,9,2,,1320,D,N,CUM,RoxelanaL200k,200000,,,67.55,,,CD ,9,TB,9,MCCARTHY MICHAEL W,0,0,0,0,ROSARIO JOEL,,0,0,0,JIM AND DONNA DANIELL,Red; black inverted chevron; black sleeves; red and black cap,,2.5,SANDY BOTTOM,21,4,,B,118,OMAHA BEACH,WAR FRONT,STARLIT DAYDREAM,CAN THE MAN,Spendthrift Farm LLC,KY,,20250223.0,20241226.0,20241115.0,20231021.0,20230910.0,,,,,,OP,SA,DMR,SA,DMR,,,,,,OP,SA,DMR,SA,DMR,,,,,,4.0,10.0,7.0,8.0,4.0,,,,,,FT,FT,FT,FT,FT,,,,,,1320.0,1540.0,1320.0,1320.0,1210.0,,,,,,8.0,8.0,6.0,5.0,10.0,,,,,,4.0,7.0,6.0,1.0,3.0,,,,,,1.0,1.0,2.0,1.0,4.0,,,,,,1.0,1.0,1.0,1.0,1,,,,,,1.0,3,1.0,1.0,1,,,,,,3.0,7,1.0,1.0,1,,,,,,88.0,87.0,92.0,88.0,81.0,,,,,,N,G1,AO,N,S,,,,,,453,78,55,54,730,115,115,101,35000.0,111,112,110,112
CD ,20250426,9,3,,1320,D,N,CUM,RoxelanaL200k,200000,,,67.55,,,CD ,9,TB,9,LUKAS D WAYNE,0,0,0,0,JUAREZ NIK,,0,0,0,BC STABLES LLC ,Tan; green and burgundy panel; burgundy stripe on green cap,,10.0,LADY MOSCATO,21,3,,B,118,QUALITY ROAD,ELUSIVE QUALITY,THEYCALLMELADYLUCK,DIXIE UNION,Seclusive Farm LLC Chester Prince &Anne Prince,KY,,20250329.0,20250223.0,20250125.0,20241222.0,20241009.0,20240831.0,20240712.0,20240628.0,20240517.0,20240503.0,OP,OP,OP,OP,KEE,SAR,SAR,CD,PIM,CD,OP,OP,OP,OP,KEE,SAR,SAR,CD,PIM,CD,6.0,4.0,8.0,9.0,7.0,10.0,8.0,10.0,10.0,9.0,MY,FT,FT,FT,FT,GD,FT,FT,FT,SY,1320.0,1320.0,1320.0,1320.0,1320.0,1320.0,1760.0,1430.0,1320.0,1540.0,6.0,8.0,10.0,9.0,6.0,8.0,7.0,6.0,12.0,11.0,3.0,7.0,10.0,3.0,3.0,7.0,5.0,4.0,5.0,3.0,5.0,7.0,4.0,7.0,4.0,7.0,3.0,6.0,6.0,11.0,5.0,7.0,2.0,3.0,4,7.0,4.0,6.0,7.0,11.0,5.0,6,1.0,2.0,4,7.0,4.0,5.0,3.0,7.0,6.0,4,1.0,4.0,3,7.0,4.0,3.0,5.0,6.0,85.0,85.0,91.0,91.0,82.0,77.0,87.0,83.0,79.0,84.0,N,N,N,AO,AO,G3,N,AO,G3,G2,266,24,31,24,313,30,32,39,150000.0,111,111,107,112
CD ,20250426,9,4,,1320,D,N,CUM,RoxelanaL200k,200000,,,67.55,,,CD ,9,TB,9,HARTMAN CHRIS,0,0,0,0,MACHADO LUAN,,0,0,0,FLATLAND RACING STABLE ,Yellow; green diamond belt; green cap,,10.0,TRIPOLINA,21,1,,B,118,CONSTITUTION,TAPIT,BALLYKISS,STREET BOSS,WinStar Farm LLC,KY,,20250328.0,20250224.0,20250202.0,20241222.0,20241109.0,20241012.0,20240727.0,20231104.0,20231015.0,20230813.0,OP,OP,OP,OP,WO,WO,WO,WO,WO,WO,OP,OP,OP,OP,WO,WO,WO,WO,WO,WO,8.0,8.0,6.0,9.0,8.0,8.0,8.0,9.0,7.0,1.0,GD,FT,FT,FT,FT,FT,TF,FT,FT,FT,1870.0,1320.0,1870.0,1320.0,1540.0,1320.0,1760.0,1870.0,1540.0,1210.0,7.0,11.0,8.0,9.0,12.0,10.0,12.0,6.0,8.0,6.0,4.0,1.0,5.0,2.0,9.0,8.0,3.0,5.0,6.0,1.0,5.0,10.0,5.0,8.0,4.0,9.0,2.0,4.0,5.0,5.0,6.0,11.0,6.0,9.0,11,9.0,2.0,4.0,7.0,4.0,5.0,5,2.0,5.0,10,8.0,3.0,3.0,3.0,1.0,5.0,4,4.0,2.0,3,6.0,4.0,2.0,1.0,1.0,76.0,83.0,86.0,92.0,88.0,82.0,85.0,90.0,84.0,88.0,N,AO,AO,AO,G3,G3,G3,G3,N,S,412,69,66,59,1015,155,133,128,110000.0,108,106,112,108
CD ,20250426,9,5,,1320,D,N,CUM,RoxelanaL200k,200000,,,67.55,,,CD ,9,TB,9,DELGADO GUSTAVO,0,0,0,0,HERNANDEZ B J JR,,0,0,0,JR RANCH ,White; yellow inverted chevron; yellow stars on sleeves; white cap,,8.0,MIUCCIA,21,5,,B,118,MITOLE,ESKENDEREYA,BAY HARBOR,SPEIGHTSTOWN,Fred W Hertrich lll John D Fielding& Robert L Tribbett,KY,,20250208.0,20241229.0,20241019.0,20240831.0,20240713.0,20240601.0,20240414.0,20240317.0,20240211.0,,TAM,TAM,KEE,SAR,GP,GP,GP,GP,GP,,TAM,TAM,KEE,SAR,GP,GP,GP,GP,GP,,6.0,5.0,9.0,10.0,10.0,10.0,9.0,7.0,6.0,,FT,GD,FT,GD,FT,FT,FT,FT,FT,,1320.0,1320.0,1540.0,1320.0,1540.0,1320.0,1320.0,1320.0,1320.0,,8.0,6.0,10.0,8.0,7.0,7.0,8.0,8.0,10.0,,8.0,2.0,2.0,1.0,1.0,5.0,2.0,5.0,4.0,,3.0,2.0,7.0,3.0,6.0,4.0,5.0,2.0,9.0,,4.0,2.0,3.0,4.0,4,4.0,4.0,2.0,3.0,,4.0,1,8.0,3.0,2,1.0,5.0,1.0,3.0,,5.0,1,6.0,3.0,2,1.0,5.0,1.0,7.0,,79.0,80.0,76.0,97.0,86.0,96.0,76.0,89.0,75.0,,N,AO,G2,G3,N,N,AO,S,S,,72,10,11,12,795,125,94,89,10000.0,110,109,106,111
CD ,20250426,9,6,,1320,D,N,CUM,RoxelanaL200k,200000,,,67.55,,,CD ,9,TB,9,FOLEY GREG,0,0,0,0,ORTIZ IRAD JR,,0,0,0,DONAMIRE FARM ,White; black circled 'DM'; black yoke; white bars on black sleeves; white cap,,3.0,HARBOR SPRINGS,21,3,,B,118,LOOKIN AT LUCKY,SMART STRIKE,NORTHERN MICHIGAN,BROKEN VOW,Donamire Farm,KY,,20250222.0,20241124.0,20241016.0,20240915.0,20240817.0,20240626.0,20240526.0,20240503.0,20240407.0,20240217.0,FG,CD,KEE,CD,ELP,CD,CD,CD,KEE,FG,FG,CD,KEE,CD,ELP,CD,CD,CD,KEE,FG,3.0,8.0,5.0,7.0,8.0,9.0,8.0,12.0,8.0,6.0,FT,FT,TF,FT,FT,SY,SY,SY,FT,SY,1320.0,1430.0,1210.0,1540.0,1760.0,1760.0,1760.0,1430.0,-1540.0,1320.0,5.0,11.0,11.0,12.0,7.0,10.0,7.0,8.0,6.0,9.0,1.0,11.0,4.0,6.0,4.0,4.0,5.0,2.0,2.0,8.0,2.0,5.0,2.0,9.0,6.0,8.0,1.0,6.0,4.0,4.0,3.0,8.0,6.0,10.0,6,6.0,2.0,8.0,4.0,5.0,2.0,1,4.0,8.0,3,5.0,2.0,4.0,3.0,1.0,1.0,1,3.0,6.0,3,5.0,3.0,4.0,2.0,1.0,93.0,92.0,84.0,80.0,74.0,78.0,83.0,81.0,87.0,87.0,AO,A,A,A,A,A,A,AO,G2,S,260,38,33,37,1549,327,267,211,,105,105,104,105
CD ,20250426,9,7,,1320,D,N,CUM,RoxelanaL200k,200000,,,67.55,,,CD ,9,TB,9,BECKMAN D WHITWORTH,0,0,0,0,CANNON DECLAN,,0,0,0,RIBBLE FARMS LLC AND KEVIN DREW,Orange; blue circled 'RF'; blue 'RF' on sleeves; orange cap,,12.0,GIRLS WEEKEND,21,3,,DKBBR,118,WORLD OF TROUBLE,KANTHAROS,ISLAND LOVE SONG,DEHERE,Dr & Mrs Patrick J Ford DVM & JamesM Herbener Jr Estate,KY,,20250206.0,20241222.0,20241110.0,20240925.0,20240817.0,20240720.0,20240520.0,20230616.0,20230511.0,,FG,OP,CD,CD,SAR,SAR,IND,ELP,CD,,FG,OP,CD,CD,SAR,SAR,IND,ELP,CD,,8.0,9.0,8.0,8.0,3.0,6.0,8.0,8.0,2.0,,FM,FT,SY,FT,FT,FM,FT,FT,FT,,-1210.0,1320.0,1210.0,1100.0,1320.0,1210.0,1100.0,1210.0,990.0,,9.0,9.0,11.0,11.0,7.0,8.0,6.0,10.0,8.0,,7.0,5.0,10.0,3.0,5.0,5.0,6.0,1.0,8.0,,8.0,1.0,9.0,5.0,2.0,4.0,2.0,5.0,8.0,,8.0,1.0,2.0,2.0,2,2.0,1.0,1.0,6.0,,7.0,3,1.0,2.0,2,1.0,1.0,3.0,6.0,,3.0,5,1.0,3.0,2,6.0,1.0,6.0,7.0,,82.0,82.0,82.0,87.0,87.0,74.0,88.0,61.0,62.0,,AO,AO,A,A,A,A,S,S,S,,157,23,21,14,435,44,41,53,5000.0,106,109,102,108
CD ,20250426,9,8,,1320,D,N,CUM,RoxelanaL200k,200000,,,67.55,,,CD ,9,TB,9,KENNEALLY EDDIE,0,0,0,0,SAEZ LUIS,,0,0,0,SUMMERHILL STABLES LLC ,Gold; brown diamond belt; brown band on white sleeves; gold cap,,4.0,MINK'S PALACE,21,3,,B,118,PALACE MALICE,CURLIN,SCATTERING MINK,SCAT DADDY,Summerhill Farm,KY,,20241222.0,20241019.0,20240915.0,20240811.0,20240622.0,20240601.0,20240503.0,20231102.0,,,OP,KEE,CD,ELP,CD,CD,CD,CD,,,OP,KEE,CD,ELP,CD,CD,CD,CD,,,9.0,9.0,8.0,9.0,9.0,5.0,12.0,7.0,,,FT,FT,FT,FT,FT,FT,SY,FT,,,1320.0,1540.0,1320.0,1540.0,1430.0,1760.0,1430.0,1320.0,,,9.0,10.0,7.0,5.0,7.0,12.0,8.0,12.0,,,7.0,7.0,3.0,4.0,2.0,11.0,4.0,11.0,,,5.0,6.0,6.0,1.0,5.0,3.0,2.0,1.0,,,4.0,9.0,6.0,2.0,5,3.0,1.0,6.0,,,7.0,5,2.0,2.0,3,3.0,2.0,2.0,,,7.0,5,1.0,4.0,1,3.0,2.0,1.0,,,69.0,84.0,90.0,83.0,92.0,86.0,93.0,80.0,,,AO,G2,AO,N,AO,AO,AO,S,,,256,38,41,36,1443,235,213,182,,103,103,104,103
CD ,20250426,10,1,,1320,D,M,BUN,Md 100000,72000,100000.0,100000.0,67.55, DMENTRIES 10TH CDX APRIL 26 6F J72000 100000 0 BUN 6 FURLONGS DIRT THOROUGHBRED OPEN 3 YEAR OLDS AND UP MAIDEN CLAIMING 100000-ALL PURSE $72000 (10:10) (10),STUDENY;OUTDOOR CAT;EVAN ON EARTH;BIG ROG;BERNIEDOTT;OUTOFPI;WHERE Y'AT;SHEPHERD;SERGEANT CAPPS;VINO DOMINUS,CD ,10,TB,9,VANCE THOMAS D,0,0,0,0,LANERIE C J,,0,0,0,LINDA AND MICHAEL J MAZOCH,Black; black 'ML' on pink star; pink bars on sleeves; black cap,,6.0,STUDENY,22,4,,B,118,FROSTED,TAPIT,RACE HUNTER,DIXIE UNION,Tenlane Farm LLC,KY,,20250413.0,20250316.0,20241207.0,20241116.0,,,,,,,OP,OP,OP,CD,,,,,,,OP,OP,OP,CD,,,,,,,1.0,2.0,8.0,3.0,,,,,,,FT,FT,FT,FT,,,,,,,1320.0,1870.0,1320.0,1320.0,,,,,,,7.0,9.0,9.0,12.0,,,,,,,5.0,7.0,9.0,11.0,,,,,,,2.0,1.0,4.0,11.0,,,,,,,2.0,1.0,2.0,8.0,,,,,,,2.0,2,4.0,10.0,,,,,,,2.0,7,6.0,10.0,,,,,,,79.0,66.0,65.0,64.0,,,,,,,M,M,S,S,,,,,,,116,13,19,20,618,79,88,81,15000.0,106,106,107,107
CD ,20250426,10,2,,1320,D,M,BUN,Md 100000,72000,100000.0,100000.0,67.55,,STUDENY;OUTDOOR CAT;EVAN ON EARTH;BIG ROG;BERNIEDOTT;OUTOFPI;WHERE Y'AT;SHEPHERD;SERGEANT CAPPS;VINO DOMINUS,CD ,10,TB,9,BRISSET RODOLPHE,0,0,0,0,SAEZ LUIS,,0,0,0,ST ELIAS STABLE AND WINSTAR FARM LLC ,Forest green; white 'STE'; white bars on sleeves; white 'STE' on forest green cap,,12.0,OUTDOOR CAT,22,3,,DKBBR,118,IMPROBABLE,CITY ZIP,KITTY UNION,UNION RAGS,Rosilyn Polan,KY,,,,,,,,,,,,,,,,,,,,,,,,,,,,,,,,,,,,,,,,,,,,,,,,,,,,,,,,,,,,,,,,,,,,,,,,,,,,,,,,,,,,,,,,,,,,,,,,,,,,,,,,,,,,,,,,,,,,,,,,,,,,,,,,,,,,,,,,,,,,,,243,42,38,31,1443,235,213,182,15000.0,102,103,103,103
CD ,20250426,10,3,,1320,D,M,BUN,Md 100000,72000,100000.0,100000.0,67.55,,STUDENY;OUTDOOR CAT;EVAN ON EARTH;BIG ROG;BERNIEDOTT;OUTOFPI;WHERE Y'AT;SHEPHERD;SERGEANT CAPPS;VINO DOMINUS,CD ,10,TB,9,FOLEY GREG,0,0,0,0,ORTIZ IRAD JR,,0,0,0,TAMAROAK PARTNERS LLC ,Olive; gold 'T' and brown 'O'; gold 'T' and brown 'O' on sleeves; olive cap,,1.4,EVAN ON EARTH,21,4,,B,125,CONGRATS,A.P. INDY,JOSAKA,SMART STRIKE,Tamaroak Partners LLC,KY,,20241122.0,20241108.0,20240504.0,20240127.0,20231230.0,20231112.0,,,,,CD,CD,CD,FG,FG,CD,,,,,CD,CD,CD,FG,FG,CD,,,,,3.0,2.0,1.0,2.0,8.0,4.0,,,,,FT,FT,MY,SY,FT,FT,,,,,1430.0,1210.0,1430.0,1320.0,1320.0,1210.0,,,,,8.0,6.0,8.0,8.0,11.0,10.0,,,,,7.0,6.0,1.0,5.0,4.0,9.0,,,,,1.0,1.0,2.0,7.0,4.0,10.0,,,,,2.0,2.0,1.0,4.0,2,5.0,,,,,1.0,2,2.0,5.0,2,3.0,,,,,2.0,2,6.0,4.0,2,3.0,,,,,86.0,87.0,85.0,77.0,86.0,80.0,,,,,S,S,S,S,S,S,,,,,260,38,33,37,1549,327,267,211,,105,105,102,106
CD ,20250426,10,4,,1320,D,M,BUN,Md 100000,72000,100000.0,100000.0,67.55,,STUDENY;OUTDOOR CAT;EVAN ON EARTH;BIG ROG;BERNIEDOTT;OUTOFPI;WHERE Y'AT;SHEPHERD;SERGEANT CAPPS;VINO DOMINUS,CD ,10,TB,9,KING BARRY L,0,0,0,0,LEPAROUX JULIEN R,,0,0,0,FAB FOUR STABLE LLC ,White; black 'BK'; white cap,,20.0,BIG ROG,22,3,,CH,118,LORD NELSON,PULPIT,HUNCHUN CROWN,DEHERE,Dorothy Self & Zack Simms,KY,,,,,,,,,,,,,,,,,,,,,,,,,,,,,,,,,,,,,,,,,,,,,,,,,,,,,,,,,,,,,,,,,,,,,,,,,,,,,,,,,,,,,,,,,,,,,,,,,,,,,,,,,,,,,,,,,,,,,,,,,,,,,,,,,,,,,,,,,,,,,,50,4,4,6,433,41,61,46,,106,106,104,106
CD ,20250426,10,5,,1320,D,M,BUN,Md 100000,72000,100000.0,100000.0,67.55,,STUDENY;OUTDOOR CAT;EVAN ON EARTH;BIG ROG;BERNIEDOTT;OUTOFPI;WHERE Y'AT;SHEPHERD;SERGEANT CAPPS;VINO DOMINUS,CD ,10,TB,9,STEWART DALLAS,0,0,0,0,HERNANDEZ COLBY J,,0,0,0,CHARLES R PIGG,White; royal blue hoops; orange bars on sleeves; orange cap,,15.0,BERNIEDOTT,22,4,,B,118,MAXIMUM SECURITY,NEW YEAR'S DAY,CORA MESA,SKY MESA,Charles R Pigg,KY,,,,,,,,,,,,,,,,,,,,,,,,,,,,,,,,,,,,,,,,,,,,,,,,,,,,,,,,,,,,,,,,,,,,,,,,,,,,,,,,,,,,,,,,,,,,,,,,,,,,,,,,,,,,,,,,,,,,,,,,,,,,,,,,,,,,,,,,,,,,,,236,29,32,33,250,26,28,27,,106,104,102?,107
CD ,20250426,10,6,,1320,D,M,BUN,Md 100000,72000,100000.0,100000.0,67.55,,STUDENY;OUTDOOR CAT;EVAN ON EARTH;BIG ROG;BERNIEDOTT;OUTOFPI;WHERE Y'AT;SHEPHERD;SERGEANT CAPPS;VINO DOMINUS,CD ,10,TB,9,GONZALEZ REINA E,0,0,0,0,GUTIERREZ MARIO,,0,0,0,REINA E GONZALEZ JEFF KITCHEN JORGE E VI,Hunter green; purple cross sashes; black 'RG'; purple cap,,12.0,OUTOFPI,22,3,,CH,118,JERSEY TOWN,SPEIGHTSTOWN,PAHIATUA,TRIBAL RULE,Jeff Kitchen et al,KY,,20250312.0,20250223.0,20250125.0,20241228.0,20241213.0,20241114.0,20241015.0,20240621.0,,,TP,TP,TP,TP,TP,CD,IND,CD,,,TP,TP,TP,TP,TP,CD,IND,CD,,,2.0,9.0,5.0,5.0,1.0,7.0,8.0,2.0,,,FT,FT,FT,FT,FT,SY,FT,FT,,,1320.0,1760.0,1430.0,1430.0,1320.0,1100.0,1100.0,1100.0,,,8.0,11.0,11.0,12.0,11.0,11.0,7.0,6.0,,,1.0,8.0,7.0,12.0,10.0,4.0,4.0,2.0,,,3.0,2.0,2.0,1.0,1.0,3.0,2.0,6.0,,,2.0,4.0,3.0,5.0,4,2.0,1.0,5.0,,,1.0,5,6.0,4.0,3,5.0,2.0,5.0,,,2.0,7,9.0,3.0,3,8.0,2.0,4.0,,,76.0,65.0,58.0,74.0,74.0,71.0,60.0,63.0,,,M,S,S,S,M,S,S,M,,,44,2,2,6,290,28,29,35,,100,101,98,103
CD ,20250426,10,7,,1320,D,M,BUN,Md 100000,72000,100000.0,100000.0,67.55,,STUDENY;OUTDOOR CAT;EVAN ON EARTH;BIG ROG;BERNIEDOTT;OUTOFPI;WHERE Y'AT;SHEPHERD;SERGEANT CAPPS;VINO DOMINUS,CD ,10,TB,9,STEWART DALLAS,0,0,0,0,HERNANDEZ B J JR,,0,0,0,WINSTAR FARM LLC AND DALLAS STEWART,White; green and black star; white 'KC' on green diamond on sleeve; green and black star on white ca,,15.0,WHERE Y'AT,22,3,,B,118,TOM'S D'ETAT,SMART STRIKE,DIAMOND CRAZY,TALE OF EKATI,Dallas Stewart & WinStar Farm LLC,KY,,20250313.0,,,,,,,,,,FG,,,,,,,,,,FG,,,,,,,,,,8.0,,,,,,,,,,FT,,,,,,,,,,1320.0,,,,,,,,,,8.0,,,,,,,,,,6.0,,,,,,,,,,4.0,,,,,,,,,,4.0,,,,,,,,,,7.0,,,,,,,,,,4.0,,,,,,,,,,76.0,,,,,,,,,,S,,,,,,,,,,236,29,32,33,795,125,94,89,,105,102?,108?,104
CD ,20250426,10,8,,1320,D,M,BUN,Md 100000,72000,100000.0,100000.0,67.55,,STUDENY;OUTDOOR CAT;EVAN ON EARTH;BIG ROG;BERNIEDOTT;OUTOFPI;WHERE Y'AT;SHEPHERD;SERGEANT CAPPS;VINO DOMINUS,CD ,10,TB,9,MCPEEK KENNETH G,0,0,0,0,ORTIZ JOSE L,,0,0,0,FRED W HERTRICH,White; light blue circled 'H'; light blue bars on sleeves; white cap,,4.5,SHEPHERD,22,2,,B,118,LAOBAN,UNCLE MO,SHARED HUMOR,DISTORTED HUMOR,Frederick W Hertrich,KY,,20250408.0,20250308.0,20250223.0,20250125.0,20241229.0,,,,,,KEE,OP,OP,OP,OP,,,,,,KEE,OP,OP,OP,OP,,,,,,1.0,8.0,1.0,2.0,3.0,,,,,,FT,FT,FT,FT,MY,,,,,,1540.0,1870.0,1870.0,1870.0,1320.0,,,,,,10.0,10.0,10.0,11.0,8.0,,,,,,10.0,2.0,5.0,5.0,1.0,,,,,,7.0,8.0,8.0,7.0,7.0,,,,,,10.0,2.0,8.0,8.0,6,,,,,,7.0,5,3.0,5.0,4,,,,,,7.0,8,2.0,7.0,3,,,,,,79.0,72.0,90.0,73.0,72.0,,,,,,S,S,S,S,S,,,,,,661,92,64,103,1362,277,168,182,,107,107,107,107
CD ,20250426,10,9,,1320,D,M,BUN,Md 100000,72000,100000.0,100000.0,67.55,,STUDENY;OUTDOOR CAT;EVAN ON EARTH;BIG ROG;BERNIEDOTT;OUTOFPI;WHERE Y'AT;SHEPHERD;SERGEANT CAPPS;VINO DOMINUS,CD ,10,TB,9,CAPPS STEVE A,0,0,0,0,RODRIGUEZ WALTER A,,0,0,0,RHONDA CAPPS,Red; white diamonds; red cap,,8.0,SERGEANT CAPPS,22,1,,B,118,WEST COAST,FLATTER,PRIVATE ESTATE,SPEIGHTSTOWN,Offshoot Farm LLC,KY,,20250408.0,20250104.0,20241027.0,20241004.0,20240829.0,20240722.0,20240702.0,20240622.0,20240530.0,20240509.0,KEE,TP,CD,KEE,KD,ELP,IND,CD,CD,CD,KEE,TP,CD,KEE,KD,ELP,IND,CD,CD,CD,1.0,5.0,4.0,2.0,11.0,6.0,3.0,5.0,1.0,3.0,FT,FT,FM,FM,FM,FM,FT,FT,FT,FT,1540.0,1760.0,1870.0,1760.0,1760.0,1760.0,1760.0,1210.0,1210.0,1100.0,10.0,12.0,12.0,12.0,11.0,9.0,6.0,10.0,7.0,12.0,6.0,1.0,1.0,2.0,8.0,6.0,6.0,4.0,7.0,8.0,4.0,3.0,7.0,3.0,6.0,6.0,4.0,6.0,7.0,2.0,7.0,3.0,5.0,3.0,5,4.0,3.0,6.0,7.0,6.0,8.0,2,4.0,3.0,2,3.0,2.0,8.0,6.0,5.0,6.0,6,3.0,4.0,3,2.0,2.0,8.0,4.0,4.0,80.0,78.0,80.0,77.0,66.0,73.0,55.0,56.0,63.0,69.0,S,S,S,S,S,S,S,S,S,S,20,0,3,4,365,58,42,41,5000.0,104,106,105,105
CD ,20250426,10,10,,1320,D,M,BUN,Md 100000,72000,100000.0,100000.0,67.55,,STUDENY;OUTDOOR CAT;EVAN ON EARTH;BIG ROG;BERNIEDOTT;OUTOFPI;WHERE Y'AT;SHEPHERD;SERGEANT CAPPS;VINO DOMINUS,CD ,10,TB,9,DRURY THOMAS JR,0,0,0,0,MONCADA IRVING,5.0,0,0,0,RICHARD M KNAPP AND BOB AGNELLO,Yellow; black diamond framed 'RMK'; yellow cap,,6.0,VINO DOMINUS,22,2,,B,113,PAYNTER,AWESOME AGAIN,SPECIAL VINTAGE,DOMINUS,Richard Knapp & Robert Agnello,KY,,20240918.0,20240807.0,,,,,,,,,IND,IND,,,,,,,,,IND,IND,,,,,,,,,4.0,7.0,,,,,,,,,FT,FT,,,,,,,,,1210.0,1210.0,,,,,,,,,8.0,10.0,,,,,,,,,3.0,4.0,,,,,,,,,2.0,2.0,,,,,,,,,2.0,1.0,,,,,,,,,3.0,2,,,,,,,,,3.0,2,,,,,,,,,64.0,71.0,,,,,,,,,S,S,,,,,,,,,221,39,49,23,280,41,26,37,,105,105,103,103
